Symbol,Exchange,Currency,Trades Found,Take Profit,Profit,StopLoss,Loss,Wins,%
PEN,SMART,USD,9,2,7,0,0,9,100
DE,SMART,USD,8,0,8,0,0,8,100
ENIC,SMART,USD,7,3,4,0,0,7,100
CMCSA,SMART,USD,7,2,5,0,0,7,100
CNS,SMART,USD,7,1,6,0,0,7,100
SSO,SMART,USD,6,2,4,0,0,6,100
MET,SMART,USD,6,1,5,0,0,6,100
MA,SMART,USD,6,1,5,0,0,6,100
WFC,SMART,USD,5,1,4,0,0,5,100
AON,SMART,USD,5,1,4,0,0,5,100
GD,SMART,USD,5,1,4,0,0,5,100
GLW,SMART,USD,5,0,5,0,0,5,100
USB,SMART,USD,5,0,5,0,0,5,100
DIS,SMART,USD,5,0,5,0,0,5,100
MUFG,SMART,USD,4,2,2,0,0,4,100
TEL,SMART,USD,4,1,3,0,0,4,100
ONB,SMART,USD,4,1,3,0,0,4,100
EFX,SMART,USD,4,1,3,0,0,4,100
GRMN,SMART,USD,4,1,3,0,0,4,100
ADBE,SMART,USD,4,1,3,0,0,4,100
C,SMART,USD,4,1,3,0,0,4,100
JEF,SMART,USD,4,0,4,0,0,4,100
TRI,SMART,USD,4,0,4,0,0,4,100
QCOM,SMART,USD,4,0,4,0,0,4,100
NVS,SMART,USD,4,0,4,0,0,4,100
NLSN,SMART,USD,4,0,4,0,0,4,100
POST,SMART,USD,4,0,4,0,0,4,100
JKHY,SMART,USD,4,0,4,0,0,4,100
IEP,SMART,USD,12,5,6,0,1,11,91.67
KMT,SMART,USD,10,1,8,0,1,9,90
AAP,SMART,USD,9,2,6,0,1,8,88.89
HWC,SMART,USD,8,3,4,0,1,7,87.5
WWD,SMART,USD,8,3,4,0,1,7,87.5
HHC,SMART,USD,8,2,5,0,1,7,87.5
AZPN,SMART,USD,8,2,5,0,1,7,87.5
ADV,SMART,USD,8,2,5,0,1,7,87.5
PRAH,SMART,USD,8,1,6,1,0,7,87.5
WPM,SMART,USD,8,1,6,1,0,7,87.5
AYI,SMART,USD,14,0,12,1,1,12,85.71
QLYS,SMART,USD,7,3,3,0,1,6,85.71
LYG,SMART,USD,7,2,4,0,1,6,85.71
UHS,SMART,USD,7,2,4,0,1,6,85.71
UBS,SMART,USD,7,1,5,0,1,6,85.71
PCAR,SMART,USD,7,1,5,0,1,6,85.71
TAC,SMART,USD,7,1,5,0,1,6,85.71
RS,SMART,USD,7,1,5,1,0,6,85.71
BLD,SMART,USD,7,1,5,1,0,6,85.71
EL,SMART,USD,7,0,6,1,0,6,85.71
HBAN,SMART,USD,6,3,2,0,1,5,83.33
XLRN,SMART,USD,6,3,2,0,1,5,83.33
FOXA,SMART,USD,6,2,3,0,1,5,83.33
AMX,SMART,USD,6,2,3,1,0,5,83.33
DOYU,SMART,USD,6,2,3,1,0,5,83.33
IPG,SMART,USD,6,1,4,0,1,5,83.33
NATI,SMART,USD,6,1,4,0,1,5,83.33
FLS,SMART,USD,6,1,4,0,1,5,83.33
ARW,SMART,USD,6,1,4,0,1,5,83.33
BAC,SMART,USD,6,1,4,0,1,5,83.33
NWSA,SMART,USD,6,1,4,1,0,5,83.33
DAR,SMART,USD,6,1,4,1,0,5,83.33
PNR,SMART,USD,6,1,4,1,0,5,83.33
CHRW,SMART,USD,6,1,4,1,0,5,83.33
INFO,SMART,USD,6,0,5,0,1,5,83.33
JHX,SMART,USD,6,0,5,0,1,5,83.33
LPL,SMART,USD,6,0,5,0,1,5,83.33
UCBI,SMART,USD,6,0,5,1,0,5,83.33
AME,SMART,USD,6,0,5,1,0,5,83.33
AEG,SMART,USD,11,2,7,0,2,9,81.82
SGEN,SMART,USD,11,0,9,1,1,9,81.82
DISCB,SMART,USD,16,2,11,1,2,13,81.25
BIIB,SMART,USD,10,2,6,0,2,8,80
TV,SMART,USD,10,2,6,0,2,8,80
STX,SMART,USD,10,2,6,0,2,8,80
CBT,SMART,USD,10,2,6,1,1,8,80
TXRH,SMART,USD,10,1,7,1,1,8,80
ENR,SMART,USD,10,1,7,1,1,8,80
BAH,SMART,USD,5,2,2,0,1,4,80
AWR,SMART,USD,5,2,2,0,1,4,80
ALSN,SMART,USD,5,2,2,1,0,4,80
BOH,SMART,USD,5,1,3,0,1,4,80
CBRL,SMART,USD,5,1,3,0,1,4,80
WF,SMART,USD,5,1,3,0,1,4,80
EHC,SMART,USD,5,1,3,1,0,4,80
UMBF,SMART,USD,5,1,3,1,0,4,80
CTXS,SMART,USD,5,0,4,0,1,4,80
KMI,SMART,USD,5,0,4,0,1,4,80
LHCG,SMART,USD,5,0,4,0,1,4,80
TFX,SMART,USD,5,0,4,0,1,4,80
NDSN,SMART,USD,5,0,4,0,1,4,80
BKI,SMART,USD,5,0,4,0,1,4,80
SRCL,SMART,USD,5,0,4,0,1,4,80
OMC,SMART,USD,5,0,4,0,1,4,80
WU,SMART,USD,5,0,4,0,1,4,80
MAN,SMART,USD,5,0,4,1,0,4,80
IBOC,SMART,USD,5,0,4,1,0,4,80
SNV,SMART,USD,5,0,4,1,0,4,80
SMFG,SMART,USD,5,0,4,1,0,4,80
ZBH,SMART,USD,5,0,4,1,0,4,80
ODFL,SMART,USD,5,0,4,1,0,4,80
UI,SMART,USD,5,0,4,1,0,4,80
BXP,SMART,USD,5,0,4,1,0,4,80
ROG,SMART,USD,14,1,10,1,2,11,78.57
CNX,SMART,USD,9,4,3,2,0,7,77.78
TECK,SMART,USD,9,3,4,0,2,7,77.78
TRUP,SMART,USD,9,3,4,0,2,7,77.78
PAAS,SMART,USD,9,3,4,1,1,7,77.78
KMX,SMART,USD,9,2,5,0,2,7,77.78
UNVR,SMART,USD,9,2,5,0,2,7,77.78
NOK,SMART,USD,9,2,5,1,1,7,77.78
NOV,SMART,USD,9,2,5,2,0,7,77.78
MANH,SMART,USD,9,1,6,0,2,7,77.78
WERN,SMART,USD,9,1,6,0,2,7,77.78
ENS,SMART,USD,9,1,6,0,2,7,77.78
TDC,SMART,USD,9,0,7,1,1,7,77.78
APH,SMART,USD,9,0,7,1,1,7,77.78
AA,SMART,USD,13,2,8,1,2,10,76.92
WFG,SMART,USD,12,1,8,0,3,9,75
GIL,SMART,USD,8,4,2,1,1,6,75
LYV,SMART,USD,8,3,3,0,2,6,75
ALLY,SMART,USD,8,3,3,1,1,6,75
TARO,SMART,USD,8,2,4,0,2,6,75
CLH,SMART,USD,8,2,4,0,2,6,75
SYY,SMART,USD,8,2,4,0,2,6,75
FCNCA,SMART,USD,8,2,4,0,2,6,75
WOR,SMART,USD,8,2,4,1,1,6,75
RUSHA,SMART,USD,8,2,4,1,1,6,75
SQM,SMART,USD,8,1,5,0,2,6,75
PH,SMART,USD,8,1,5,0,2,6,75
DB,SMART,USD,8,0,6,0,2,6,75
MIC,SMART,USD,8,0,6,2,0,6,75
FOX,SMART,USD,4,3,0,0,1,3,75
TXG,SMART,USD,4,3,0,0,1,3,75
CHPT,SMART,USD,4,3,0,1,0,3,75
ADP,SMART,USD,4,2,1,0,1,3,75
WTFC,SMART,USD,4,2,1,0,1,3,75
RGLD,SMART,USD,4,2,1,0,1,3,75
COLB,SMART,USD,4,2,1,0,1,3,75
WDAY,SMART,USD,4,2,1,0,1,3,75
ASH,SMART,USD,4,2,1,0,1,3,75
BLI,SMART,USD,4,2,1,0,1,3,75
BNTX,SMART,USD,4,2,1,1,0,3,75
SO,SMART,USD,4,2,1,1,0,3,75
NNI,SMART,USD,4,1,2,0,1,3,75
TKC,SMART,USD,4,1,2,0,1,3,75
COST,SMART,USD,4,1,2,0,1,3,75
LOGI,SMART,USD,4,1,2,0,1,3,75
TD,SMART,USD,4,1,2,0,1,3,75
RELX,SMART,USD,4,1,2,0,1,3,75
INTU,SMART,USD,4,1,2,0,1,3,75
FNF,SMART,USD,4,1,2,0,1,3,75
SPY,SMART,USD,4,1,2,0,1,3,75
UL,SMART,USD,4,1,2,0,1,3,75
FE,SMART,USD,4,1,2,0,1,3,75
GLL,SMART,USD,4,1,2,0,1,3,75
PSFE,SMART,USD,4,1,2,0,1,3,75
PGR,SMART,USD,4,1,2,1,0,3,75
PNC,SMART,USD,4,1,2,1,0,3,75
INMD,SMART,USD,4,1,2,1,0,3,75
WTRG,SMART,USD,4,1,2,1,0,3,75
ABCB,SMART,USD,4,0,3,0,1,3,75
STT,SMART,USD,4,0,3,0,1,3,75
ACN,SMART,USD,4,0,3,0,1,3,75
BUD,SMART,USD,4,0,3,0,1,3,75
TTC,SMART,USD,4,0,3,0,1,3,75
HPE,SMART,USD,4,0,3,0,1,3,75
RLI,SMART,USD,4,0,3,0,1,3,75
ICUI,SMART,USD,4,0,3,0,1,3,75
ORCL,SMART,USD,4,0,3,0,1,3,75
BXS,SMART,USD,4,0,3,0,1,3,75
ROL,SMART,USD,4,0,3,0,1,3,75
BLK,SMART,USD,4,0,3,0,1,3,75
TMUS,SMART,USD,4,0,3,0,1,3,75
CASY,SMART,USD,4,0,3,0,1,3,75
BEPC,SMART,USD,4,0,3,0,1,3,75
ENB,SMART,USD,4,0,3,1,0,3,75
FAF,SMART,USD,4,0,3,1,0,3,75
CABO,SMART,USD,4,0,3,1,0,3,75
CWK,SMART,USD,4,0,3,1,0,3,75
TDY,SMART,USD,4,0,3,1,0,3,75
DAVA,SMART,USD,11,4,4,1,2,8,72.73
GGB,SMART,USD,11,3,5,2,1,8,72.73
APPF,SMART,USD,11,2,6,0,3,8,72.73
SIRI,SMART,USD,11,2,6,1,2,8,72.73
MXL,SMART,USD,11,2,6,1,2,8,72.73
HWM,SMART,USD,11,1,7,2,1,8,72.73
LBTYB,SMART,USD,11,0,8,1,2,8,72.73
LTRPB,SMART,USD,11,0,8,3,0,8,72.73
QRTEB,SMART,USD,18,3,10,2,3,13,72.22
GKOS,SMART,USD,14,5,5,2,2,10,71.43
MMYT,SMART,USD,14,2,8,3,1,10,71.43
IBKR,SMART,USD,7,4,1,0,2,5,71.43
ZION,SMART,USD,7,3,2,0,2,5,71.43
KTB,SMART,USD,7,3,2,1,1,5,71.43
OKTA,SMART,USD,7,3,2,2,0,5,71.43
MCK,SMART,USD,7,2,3,0,2,5,71.43
MS,SMART,USD,7,2,3,0,2,5,71.43
IDXX,SMART,USD,7,2,3,0,2,5,71.43
CREE,SMART,USD,7,2,3,1,1,5,71.43
ZLAB,SMART,USD,7,2,3,1,1,5,71.43
GS,SMART,USD,7,1,4,0,2,5,71.43
IT,SMART,USD,7,1,4,0,2,5,71.43
BIO,SMART,USD,7,1,4,0,2,5,71.43
CCK,SMART,USD,7,1,4,0,2,5,71.43
FSV,SMART,USD,7,1,4,0,2,5,71.43
MTD,SMART,USD,7,1,4,0,2,5,71.43
ARD,SMART,USD,7,1,4,0,2,5,71.43
ISRG,SMART,USD,7,1,4,0,2,5,71.43
SYF,SMART,USD,7,1,4,1,1,5,71.43
PB,SMART,USD,7,1,4,1,1,5,71.43
CIXX,SMART,USD,7,1,4,1,1,5,71.43
AAON,SMART,USD,7,1,4,1,1,5,71.43
REGN,SMART,USD,7,0,5,0,2,5,71.43
LDOS,SMART,USD,7,0,5,0,2,5,71.43
BURL,SMART,USD,7,0,5,0,2,5,71.43
MC,SMART,USD,7,0,5,0,2,5,71.43
MUSA,SMART,USD,7,0,5,0,2,5,71.43
FTV,SMART,USD,7,0,5,1,1,5,71.43
VAC,SMART,USD,10,3,4,2,1,7,70
ENSG,SMART,USD,10,2,5,2,1,7,70
LOPE,SMART,USD,10,1,6,0,3,7,70
PRI,SMART,USD,10,1,6,1,2,7,70
LILAK,SMART,USD,10,1,6,1,2,7,70
ABG,SMART,USD,10,1,6,1,2,7,70
EOG,SMART,USD,10,1,6,2,1,7,70
TKR,SMART,USD,10,0,7,0,3,7,70
KEP,SMART,USD,10,0,7,0,3,7,70
PLNT,SMART,USD,10,0,7,3,0,7,70
HRI,SMART,USD,13,3,6,1,3,9,69.23
SANM,SMART,USD,13,2,7,0,4,9,69.23
LOB,SMART,USD,13,2,7,2,2,9,69.23
TWTR,SMART,USD,13,2,7,4,0,9,69.23
TX,SMART,USD,19,2,11,2,4,13,68.42
GME,SMART,USD,18,5,7,3,3,12,66.67
CVE,SMART,USD,18,3,9,4,2,12,66.67
NWG,SMART,USD,15,1,9,2,3,10,66.67
ALB,SMART,USD,12,4,4,1,3,8,66.67
RARE,SMART,USD,12,4,4,3,1,8,66.67
ALGN,SMART,USD,12,3,5,2,2,8,66.67
MIME,SMART,USD,12,3,5,2,2,8,66.67
ZEN,SMART,USD,12,2,6,1,3,8,66.67
AMKR,SMART,USD,12,2,6,3,1,8,66.67
TDG,SMART,USD,12,2,6,3,1,8,66.67
IRDM,SMART,USD,12,1,7,2,2,8,66.67
NKLA,SMART,USD,9,6,0,3,0,6,66.67
INCY,SMART,USD,9,2,4,0,3,6,66.67
NVDA,SMART,USD,9,2,4,1,2,6,66.67
GPI,SMART,USD,9,2,4,2,1,6,66.67
BAP,SMART,USD,9,2,4,2,1,6,66.67
WNS,SMART,USD,9,1,5,0,3,6,66.67
VOYA,SMART,USD,9,1,5,0,3,6,66.67
SPGI,SMART,USD,9,1,5,0,3,6,66.67
STZ,SMART,USD,9,1,5,0,3,6,66.67
SFM,SMART,USD,9,1,5,1,2,6,66.67
AIT,SMART,USD,9,1,5,1,2,6,66.67
BEP,SMART,USD,9,1,5,1,2,6,66.67
BMI,SMART,USD,9,1,5,2,1,6,66.67
NUVA,SMART,USD,9,1,5,2,1,6,66.67
TNET,SMART,USD,9,1,5,2,1,6,66.67
VC,SMART,USD,9,1,5,2,1,6,66.67
CRUS,SMART,USD,9,0,6,0,3,6,66.67
BBVA,SMART,USD,9,0,6,0,3,6,66.67
SCCO,SMART,USD,9,0,6,0,3,6,66.67
ORA,SMART,USD,9,0,6,1,2,6,66.67
NVT,SMART,USD,9,0,6,3,0,6,66.67
MP,SMART,USD,6,4,0,2,0,4,66.67
LAZR,SMART,USD,6,3,1,1,1,4,66.67
MAS,SMART,USD,6,2,2,0,2,4,66.67
ACGL,SMART,USD,6,2,2,0,2,4,66.67
ILMN,SMART,USD,6,2,2,0,2,4,66.67
TDS,SMART,USD,6,2,2,0,2,4,66.67
XOM,SMART,USD,6,2,2,0,2,4,66.67
DOW,SMART,USD,6,2,2,0,2,4,66.67
EXP,SMART,USD,6,2,2,1,1,4,66.67
BHF,SMART,USD,6,2,2,1,1,4,66.67
EQH,SMART,USD,6,2,2,1,1,4,66.67
DKNG,SMART,USD,6,2,2,1,1,4,66.67
HAIN,SMART,USD,6,2,2,2,0,4,66.67
VOD,SMART,USD,6,1,3,0,2,4,66.67
RF,SMART,USD,6,1,3,0,2,4,66.67
WDFC,SMART,USD,6,1,3,0,2,4,66.67
RJF,SMART,USD,6,1,3,0,2,4,66.67
PLXS,SMART,USD,6,1,3,0,2,4,66.67
TER,SMART,USD,6,1,3,1,1,4,66.67
NWS,SMART,USD,6,1,3,1,1,4,66.67
CW,SMART,USD,6,1,3,1,1,4,66.67
BCPC,SMART,USD,6,1,3,1,1,4,66.67
DORM,SMART,USD,6,1,3,1,1,4,66.67
NEP,SMART,USD,6,1,3,1,1,4,66.67
MRVL,SMART,USD,6,1,3,2,0,4,66.67
ADM,SMART,USD,6,0,4,0,2,4,66.67
TEF,SMART,USD,6,0,4,0,2,4,66.67
CAH,SMART,USD,6,0,4,0,2,4,66.67
CVBF,SMART,USD,6,0,4,0,2,4,66.67
IQV,SMART,USD,6,0,4,0,2,4,66.67
CNA,SMART,USD,6,0,4,0,2,4,66.67
SSRM,SMART,USD,6,0,4,0,2,4,66.67
TFC,SMART,USD,6,0,4,0,2,4,66.67
TFII,SMART,USD,6,0,4,0,2,4,66.67
SONY,SMART,USD,6,0,4,0,2,4,66.67
NYCB,SMART,USD,6,0,4,0,2,4,66.67
PTC,SMART,USD,6,0,4,1,1,4,66.67
KEX,SMART,USD,6,0,4,1,1,4,66.67
SBNY,SMART,USD,6,0,4,1,1,4,66.67
AGO,SMART,USD,6,0,4,1,1,4,66.67
DSGX,SMART,USD,6,0,4,1,1,4,66.67
ABEV,SMART,USD,6,0,4,1,1,4,66.67
MKC,SMART,USD,6,0,4,1,1,4,66.67
CPRT,SMART,USD,6,0,4,1,1,4,66.67
CHH,SMART,USD,6,0,4,2,0,4,66.67
AMC,SMART,USD,17,4,7,2,4,11,64.71
FLOW,SMART,USD,14,5,4,1,4,9,64.29
ATCO,SMART,USD,14,4,5,3,2,9,64.29
THO,SMART,USD,14,3,6,2,3,9,64.29
FUBO,SMART,USD,14,3,6,5,0,9,64.29
NVRO,SMART,USD,14,2,7,2,3,9,64.29
HTHT,SMART,USD,14,1,8,2,3,9,64.29
HFC,SMART,USD,14,1,8,5,0,9,64.29
CACC,SMART,USD,11,4,3,0,4,7,63.64
LAZ,SMART,USD,11,3,4,0,4,7,63.64
CZR,SMART,USD,11,3,4,3,1,7,63.64
NOVT,SMART,USD,11,2,5,1,3,7,63.64
HII,SMART,USD,11,1,6,0,4,7,63.64
SNX,SMART,USD,11,1,6,2,2,7,63.64
NVMI,SMART,USD,11,1,6,2,2,7,63.64
JBT,SMART,USD,11,0,7,2,2,7,63.64
TDOC,SMART,USD,16,7,3,5,1,10,62.5
ARGX,SMART,USD,16,5,5,2,4,10,62.5
ALLO,SMART,USD,8,5,0,3,0,5,62.5
LTHM,SMART,USD,8,4,1,1,2,5,62.5
SITE,SMART,USD,8,3,2,1,2,5,62.5
GH,SMART,USD,8,3,2,2,1,5,62.5
BX,SMART,USD,8,2,3,0,3,5,62.5
EVTC,SMART,USD,8,2,3,0,3,5,62.5
CIT,SMART,USD,8,2,3,0,3,5,62.5
RXN,SMART,USD,8,2,3,1,2,5,62.5
IBM,SMART,USD,8,2,3,1,2,5,62.5
CR,SMART,USD,8,2,3,1,2,5,62.5
BWXT,SMART,USD,8,2,3,1,2,5,62.5
AMN,SMART,USD,8,2,3,2,1,5,62.5
EVBG,SMART,USD,8,2,3,2,1,5,62.5
WLK,SMART,USD,8,2,3,2,1,5,62.5
MTCH,SMART,USD,8,2,3,2,1,5,62.5
RGEN,SMART,USD,8,2,3,3,0,5,62.5
MTH,SMART,USD,8,2,3,3,0,5,62.5
AB,SMART,USD,8,1,4,0,3,5,62.5
ANSS,SMART,USD,8,1,4,0,3,5,62.5
HTH,SMART,USD,8,1,4,1,2,5,62.5
IP,SMART,USD,8,1,4,1,2,5,62.5
MORN,SMART,USD,8,1,4,1,2,5,62.5
LILA,SMART,USD,8,1,4,1,2,5,62.5
CARG,SMART,USD,8,1,4,1,2,5,62.5
BJ,SMART,USD,8,1,4,1,2,5,62.5
KSU,SMART,USD,8,1,4,1,2,5,62.5
ANTM,SMART,USD,8,1,4,2,1,5,62.5
IBP,SMART,USD,8,1,4,2,1,5,62.5
NSIT,SMART,USD,8,1,4,2,1,5,62.5
SLB,SMART,USD,8,1,4,2,1,5,62.5
NCR,SMART,USD,8,1,4,3,0,5,62.5
SONO,SMART,USD,8,1,4,3,0,5,62.5
MSA,SMART,USD,8,0,5,0,3,5,62.5
UTHR,SMART,USD,8,0,5,0,3,5,62.5
GMAB,SMART,USD,8,0,5,0,3,5,62.5
QGEN,SMART,USD,8,0,5,0,3,5,62.5
PSO,SMART,USD,8,0,5,0,3,5,62.5
VLY,SMART,USD,8,0,5,1,2,5,62.5
FUL,SMART,USD,8,0,5,1,2,5,62.5
LIVN,SMART,USD,8,0,5,1,2,5,62.5
VMW,SMART,USD,8,0,5,1,2,5,62.5
FHN,SMART,USD,8,0,5,2,1,5,62.5
AXTA,SMART,USD,8,0,5,2,1,5,62.5
BTG,SMART,USD,8,0,5,2,1,5,62.5
IMO,SMART,USD,8,0,5,2,1,5,62.5
ADNT,SMART,USD,13,4,4,3,2,8,61.54
AR,SMART,USD,13,4,4,5,0,8,61.54
BSMX,SMART,USD,13,3,5,1,4,8,61.54
AUY,SMART,USD,13,3,5,3,2,8,61.54
AKAM,SMART,USD,13,1,7,0,5,8,61.54
IONS,SMART,USD,13,1,7,3,2,8,61.54
STAA,SMART,USD,13,1,7,3,2,8,61.54
ADT,SMART,USD,15,4,5,2,4,9,60
IIVI,SMART,USD,15,4,5,3,3,9,60
WK,SMART,USD,15,4,5,5,1,9,60
SSTK,SMART,USD,15,1,8,0,6,9,60
SPOT,SMART,USD,10,4,2,1,3,6,60
ATI,SMART,USD,10,2,4,1,3,6,60
SHLX,SMART,USD,10,2,4,2,2,6,60
JOBS,SMART,USD,10,2,4,2,2,6,60
HUBS,SMART,USD,10,2,4,2,2,6,60
HLNE,SMART,USD,10,2,4,3,1,6,60
ALV,SMART,USD,10,1,5,0,4,6,60
BKNG,SMART,USD,10,1,5,1,3,6,60
ABC,SMART,USD,10,1,5,1,3,6,60
CNHI,SMART,USD,10,1,5,1,3,6,60
NTNX,SMART,USD,10,1,5,1,3,6,60
MANU,SMART,USD,10,1,5,1,3,6,60
WCC,SMART,USD,10,1,5,2,2,6,60
EXEL,SMART,USD,10,1,5,2,2,6,60
PEGA,SMART,USD,10,1,5,2,2,6,60
PAGS,SMART,USD,10,1,5,2,2,6,60
CGNX,SMART,USD,10,0,6,0,4,6,60
SUZ,SMART,USD,10,0,6,0,4,6,60
THS,SMART,USD,10,0,6,0,4,6,60
XLNX,SMART,USD,10,0,6,1,3,6,60
SPSC,SMART,USD,10,0,6,1,3,6,60
DXC,SMART,USD,10,0,6,2,2,6,60
DADA,SMART,USD,5,3,0,2,0,3,60
LEA,SMART,USD,5,2,1,0,2,3,60
CDK,SMART,USD,5,2,1,0,2,3,60
AVY,SMART,USD,5,2,1,1,1,3,60
BBIO,SMART,USD,5,2,1,2,0,3,60
FSR,SMART,USD,5,2,1,2,0,3,60
NARI,SMART,USD,5,2,1,2,0,3,60
SCHW,SMART,USD,5,1,2,0,2,3,60
GPN,SMART,USD,5,1,2,0,2,3,60
PHG,SMART,USD,5,1,2,0,2,3,60
HLI,SMART,USD,5,1,2,0,2,3,60
STM,SMART,USD,5,1,2,0,2,3,60
LLY,SMART,USD,5,1,2,0,2,3,60
CDW,SMART,USD,5,1,2,0,2,3,60
LBRDA,SMART,USD,5,1,2,0,2,3,60
E,SMART,USD,5,1,2,0,2,3,60
BBY,SMART,USD,5,1,2,0,2,3,60
AWI,SMART,USD,5,1,2,1,1,3,60
H,SMART,USD,5,1,2,1,1,3,60
NOC,SMART,USD,5,1,2,1,1,3,60
SWX,SMART,USD,5,1,2,1,1,3,60
USM,SMART,USD,5,1,2,1,1,3,60
FNB,SMART,USD,5,0,3,0,2,3,60
SFBS,SMART,USD,5,0,3,0,2,3,60
SWKS,SMART,USD,5,0,3,0,2,3,60
MKL,SMART,USD,5,0,3,0,2,3,60
HUN,SMART,USD,5,0,3,0,2,3,60
MMSI,SMART,USD,5,0,3,0,2,3,60
EA,SMART,USD,5,0,3,0,2,3,60
ERIE,SMART,USD,5,0,3,0,2,3,60
AES,SMART,USD,5,0,3,1,1,3,60
V,SMART,USD,5,0,3,1,1,3,60
FFIN,SMART,USD,5,0,3,1,1,3,60
AVGO,SMART,USD,5,0,3,1,1,3,60
ADSK,SMART,USD,5,0,3,1,1,3,60
MCY,SMART,USD,5,0,3,1,1,3,60
BMRN,SMART,USD,5,0,3,1,1,3,60
APAM,SMART,USD,5,0,3,1,1,3,60
ROP,SMART,USD,5,0,3,1,1,3,60
VTRS,SMART,USD,5,0,3,1,1,3,60
PKG,SMART,USD,5,0,3,1,1,3,60
ITW,SMART,USD,5,0,3,1,1,3,60
DOV,SMART,USD,5,0,3,1,1,3,60
NDAQ,SMART,USD,5,0,3,1,1,3,60
CMI,SMART,USD,5,0,3,1,1,3,60
CTSH,SMART,USD,5,0,3,2,0,3,60
SR,SMART,USD,5,0,3,2,0,3,60
OPK,SMART,USD,17,3,7,4,3,10,58.82
ATRC,SMART,USD,17,2,8,4,3,10,58.82
OMCL,SMART,USD,17,1,9,1,6,10,58.82
EBS,SMART,USD,12,4,3,4,1,7,58.33
FLEX,SMART,USD,12,3,4,2,3,7,58.33
BPMC,SMART,USD,12,3,4,3,2,7,58.33
WAB,SMART,USD,12,2,5,1,4,7,58.33
EXAS,SMART,USD,12,2,5,4,1,7,58.33
PHI,SMART,USD,12,1,6,0,5,7,58.33
OLLI,SMART,USD,12,1,6,2,3,7,58.33
SKX,SMART,USD,14,2,6,1,5,8,57.14
CIB,SMART,USD,14,2,6,2,4,8,57.14
BAK,SMART,USD,14,2,6,2,4,8,57.14
FBP,SMART,USD,7,2,2,0,3,4,57.14
ENV,SMART,USD,7,2,2,1,2,4,57.14
PRU,SMART,USD,7,2,2,1,2,4,57.14
MMS,SMART,USD,7,2,2,1,2,4,57.14
BP,SMART,USD,7,2,2,1,2,4,57.14
PHM,SMART,USD,7,2,2,2,1,4,57.14
BPY,SMART,USD,7,2,2,2,1,4,57.14
NFLX,SMART,USD,7,1,3,0,3,4,57.14
GFI,SMART,USD,7,1,3,0,3,4,57.14
EMN,SMART,USD,7,1,3,0,3,4,57.14
PANW,SMART,USD,7,1,3,1,2,4,57.14
JLL,SMART,USD,7,1,3,1,2,4,57.14
SAM,SMART,USD,7,1,3,1,2,4,57.14
IBN,SMART,USD,7,1,3,1,2,4,57.14
KLIC,SMART,USD,7,1,3,1,2,4,57.14
INOV,SMART,USD,7,1,3,1,2,4,57.14
SSNC,SMART,USD,7,1,3,1,2,4,57.14
BLKB,SMART,USD,7,1,3,2,1,4,57.14
BERY,SMART,USD,7,1,3,2,1,4,57.14
BKU,SMART,USD,7,1,3,3,0,4,57.14
SUM,SMART,USD,7,1,3,3,0,4,57.14
VFC,SMART,USD,7,0,4,0,3,4,57.14
INTC,SMART,USD,7,0,4,0,3,4,57.14
EWBC,SMART,USD,7,0,4,0,3,4,57.14
FTNT,SMART,USD,7,0,4,0,3,4,57.14
RBA,SMART,USD,7,0,4,0,3,4,57.14
CG,SMART,USD,7,0,4,0,3,4,57.14
EMR,SMART,USD,7,0,4,0,3,4,57.14
SKM,SMART,USD,7,0,4,0,3,4,57.14
WAL,SMART,USD,7,0,4,1,2,4,57.14
TPH,SMART,USD,7,0,4,1,2,4,57.14
ICLR,SMART,USD,7,0,4,1,2,4,57.14
UMC,SMART,USD,7,0,4,1,2,4,57.14
FCFS,SMART,USD,7,0,4,1,2,4,57.14
AUB,SMART,USD,7,0,4,1,2,4,57.14
RPM,SMART,USD,7,0,4,1,2,4,57.14
LFUS,SMART,USD,7,0,4,1,2,4,57.14
XLE,SMART,USD,7,0,4,1,2,4,57.14
RDN,SMART,USD,7,0,4,2,1,4,57.14
SAN,SMART,USD,7,0,4,2,1,4,57.14
NUE,SMART,USD,7,0,4,2,1,4,57.14
SCI,SMART,USD,7,0,4,2,1,4,57.14
RCII,SMART,USD,16,4,5,5,2,9,56.25
EBR,SMART,USD,16,3,6,2,5,9,56.25
COTY,SMART,USD,16,3,6,6,1,9,56.25
TTM,SMART,USD,16,1,8,1,6,9,56.25
CDNA,SMART,USD,18,9,1,6,2,10,55.56
PLUG,SMART,USD,18,6,4,8,0,10,55.56
ARVN,SMART,USD,9,4,1,3,1,5,55.56
CRNC,SMART,USD,9,4,1,3,1,5,55.56
PGNY,SMART,USD,9,4,1,4,0,5,55.56
DFS,SMART,USD,9,3,2,1,3,5,55.56
ADPT,SMART,USD,9,3,2,2,2,5,55.56
COP,SMART,USD,9,3,2,3,1,5,55.56
AMGN,SMART,USD,9,2,3,0,4,5,55.56
CAE,SMART,USD,9,2,3,0,4,5,55.56
PDCO,SMART,USD,9,2,3,1,3,5,55.56
AVNT,SMART,USD,9,2,3,1,3,5,55.56
TMHC,SMART,USD,9,2,3,1,3,5,55.56
ARNA,SMART,USD,9,2,3,1,3,5,55.56
ESGR,SMART,USD,9,2,3,1,3,5,55.56
LSCC,SMART,USD,9,2,3,1,3,5,55.56
MLM,SMART,USD,9,2,3,2,2,5,55.56
TRGP,SMART,USD,9,2,3,2,2,5,55.56
HP,SMART,USD,9,2,3,3,1,5,55.56
WDC,SMART,USD,9,1,4,0,4,5,55.56
HUM,SMART,USD,9,1,4,0,4,5,55.56
MU,SMART,USD,9,1,4,1,3,5,55.56
ESNT,SMART,USD,9,1,4,1,3,5,55.56
AEL,SMART,USD,9,1,4,1,3,5,55.56
JBL,SMART,USD,9,1,4,1,3,5,55.56
HOLX,SMART,USD,9,1,4,1,3,5,55.56
PYPL,SMART,USD,9,1,4,2,2,5,55.56
KBR,SMART,USD,9,1,4,2,2,5,55.56
WWW,SMART,USD,9,1,4,2,2,5,55.56
SPR,SMART,USD,9,1,4,3,1,5,55.56
WMB,SMART,USD,9,0,5,0,4,5,55.56
HEI,SMART,USD,9,0,5,1,3,5,55.56
CFX,SMART,USD,9,0,5,2,2,5,55.56
DISH,SMART,USD,9,0,5,3,1,5,55.56
NKTR,SMART,USD,20,4,7,5,4,11,55
AX,SMART,USD,11,3,3,1,4,6,54.55
R,SMART,USD,11,3,3,2,3,6,54.55
EQT,SMART,USD,11,3,3,5,0,6,54.55
ALLK,SMART,USD,11,3,3,5,0,6,54.55
PII,SMART,USD,11,2,4,1,4,6,54.55
ITGR,SMART,USD,11,2,4,2,3,6,54.55
VIRT,SMART,USD,11,2,4,2,3,6,54.55
TROX,SMART,USD,11,2,4,2,3,6,54.55
NRG,SMART,USD,11,2,4,3,2,6,54.55
ACHC,SMART,USD,11,2,4,3,2,6,54.55
VICR,SMART,USD,11,2,4,4,1,6,54.55
BCO,SMART,USD,11,1,5,1,4,6,54.55
CSOD,SMART,USD,11,1,5,2,3,6,54.55
CWST,SMART,USD,11,1,5,2,3,6,54.55
ESI,SMART,USD,11,1,5,3,2,6,54.55
HALO,SMART,USD,11,1,5,4,1,6,54.55
LITE,SMART,USD,11,0,6,1,4,6,54.55
MO,SMART,USD,11,0,6,1,4,6,54.55
TRMB,SMART,USD,11,0,6,3,2,6,54.55
WMS,SMART,USD,11,0,6,3,2,6,54.55
DDOG,SMART,USD,3,3,0,0,0,3,100
SEER,SMART,USD,3,3,0,0,0,3,100
AEP,SMART,USD,3,2,1,0,0,3,100
NTRS,SMART,USD,3,1,2,0,0,3,100
TROW,SMART,USD,3,1,2,0,0,3,100
MSI,SMART,USD,3,1,2,0,0,3,100
BPOP,SMART,USD,3,1,2,0,0,3,100
LW,SMART,USD,3,1,2,0,0,3,100
LBTYA,SMART,USD,3,1,2,0,0,3,100
CMA,SMART,USD,3,1,2,0,0,3,100
RE,SMART,USD,3,1,2,0,0,3,100
BCE,SMART,USD,3,1,2,0,0,3,100
WORK,SMART,USD,3,1,2,0,0,3,100
GSK,SMART,USD,3,1,2,0,0,3,100
PPL,SMART,USD,3,1,2,0,0,3,100
LEGN,SMART,USD,3,1,2,0,0,3,100
LOW,SMART,USD,3,0,3,0,0,3,100
RNR,SMART,USD,3,0,3,0,0,3,100
WBK,SMART,USD,3,0,3,0,0,3,100
WMT,SMART,USD,3,0,3,0,0,3,100
CVX,SMART,USD,3,0,3,0,0,3,100
BAX,SMART,USD,3,2,0,0,1,2,66.67
OCFT,SMART,USD,3,2,0,0,1,2,66.67
CNO,SMART,USD,3,1,1,0,1,2,66.67
OGE,SMART,USD,3,1,1,0,1,2,66.67
PNM,SMART,USD,3,1,1,0,1,2,66.67
RSG,SMART,USD,3,1,1,0,1,2,66.67
BMO,SMART,USD,3,1,1,0,1,2,66.67
T,SMART,USD,3,1,1,0,1,2,66.67
NGG,SMART,USD,3,1,1,0,1,2,66.67
UNP,SMART,USD,3,1,1,0,1,2,66.67
CM,SMART,USD,3,1,1,0,1,2,66.67
JJSF,SMART,USD,3,1,1,0,1,2,66.67
UGI,SMART,USD,3,1,1,0,1,2,66.67
WEC,SMART,USD,3,1,1,0,1,2,66.67
BIP,SMART,USD,3,1,1,0,1,2,66.67
BAM,SMART,USD,3,1,1,0,1,2,66.67
BEKE,SMART,USD,3,1,1,0,1,2,66.67
DOX,SMART,USD,3,1,1,1,0,2,66.67
SCL,SMART,USD,3,1,1,1,0,2,66.67
VVV,SMART,USD,3,1,1,1,0,2,66.67
EME,SMART,USD,3,1,1,1,0,2,66.67
LEVI,SMART,USD,3,1,1,1,0,2,66.67
DUK,SMART,USD,3,1,1,1,0,2,66.67
PPD,SMART,USD,3,1,1,1,0,2,66.67
AVA,SMART,USD,3,1,1,1,0,2,66.67
NVST,SMART,USD,3,1,1,1,0,2,66.67
BIGC,SMART,USD,3,1,1,1,0,2,66.67
NVO,SMART,USD,3,0,2,0,1,2,66.67
BK,SMART,USD,3,0,2,0,1,2,66.67
HE,SMART,USD,3,0,2,0,1,2,66.67
ERIC,SMART,USD,3,0,2,0,1,2,66.67
DG,SMART,USD,3,0,2,0,1,2,66.67
CFR,SMART,USD,3,0,2,0,1,2,66.67
IEX,SMART,USD,3,0,2,0,1,2,66.67
GOOGL,SMART,USD,3,0,2,0,1,2,66.67
FMX,SMART,USD,3,0,2,0,1,2,66.67
DCI,SMART,USD,3,0,2,0,1,2,66.67
SYK,SMART,USD,3,0,2,0,1,2,66.67
KHC,SMART,USD,3,0,2,0,1,2,66.67
ASX,SMART,USD,3,0,2,0,1,2,66.67
LANC,SMART,USD,3,0,2,0,1,2,66.67
NTAP,SMART,USD,3,0,2,0,1,2,66.67
SLV,SMART,USD,3,0,2,0,1,2,66.67
CCU,SMART,USD,3,0,2,0,1,2,66.67
A,SMART,USD,3,0,2,0,1,2,66.67
BUR,SMART,USD,3,0,2,0,1,2,66.67
MFC,SMART,USD,3,0,2,1,0,2,66.67
MFG,SMART,USD,3,0,2,1,0,2,66.67
AXS,SMART,USD,3,0,2,1,0,2,66.67
DLB,SMART,USD,3,0,2,1,0,2,66.67
EXPD,SMART,USD,3,0,2,1,0,2,66.67
WM,SMART,USD,3,0,2,1,0,2,66.67
COO,SMART,USD,3,0,2,1,0,2,66.67
WISH,SMART,USD,3,0,2,1,0,2,66.67
D,SMART,USD,2,2,0,0,0,2,100
ETR,SMART,USD,2,2,0,0,0,2,100
GOCO,SMART,USD,2,2,0,0,0,2,100
SANA,SMART,USD,2,2,0,0,0,2,100
SLF,SMART,USD,2,1,1,0,0,2,100
BKH,SMART,USD,2,1,1,0,0,2,100
XEL,SMART,USD,2,1,1,0,0,2,100
ISBC,SMART,USD,2,1,1,0,0,2,100
CBSH,SMART,USD,2,1,1,0,0,2,100
LNT,SMART,USD,2,1,1,0,0,2,100
MNST,SMART,USD,2,1,1,0,0,2,100
ED,SMART,USD,2,1,1,0,0,2,100
PEG,SMART,USD,2,1,1,0,0,2,100
PAYX,SMART,USD,2,1,1,0,0,2,100
ICE,SMART,USD,2,0,2,0,0,2,100
ASB,SMART,USD,2,0,2,0,0,2,100
MCD,SMART,USD,2,0,2,0,0,2,100
FELE,SMART,USD,2,0,2,0,0,2,100
CB,SMART,USD,2,0,2,0,0,2,100
ALL,SMART,USD,2,0,2,0,0,2,100
MTB,SMART,USD,2,0,2,0,0,2,100
LH,SMART,USD,2,0,2,0,0,2,100
BSX,SMART,USD,2,0,2,0,0,2,100
NEM,SMART,USD,2,0,2,0,0,2,100
CTVA,SMART,USD,2,0,2,0,0,2,100
SNY,SMART,USD,2,0,2,0,0,2,100
TU,SMART,USD,2,0,2,0,0,2,100
MRK,SMART,USD,2,0,2,0,0,2,100
APD,SMART,USD,2,0,2,0,0,2,100
HON,SMART,USD,2,0,2,0,0,2,100
APG,SMART,USD,2,0,2,0,0,2,100
OSCR,SMART,USD,2,0,2,0,0,2,100
AQN,SMART,USD,1,1,0,0,0,1,100
EVRG,SMART,USD,1,1,0,0,0,1,100
ATO,SMART,USD,1,1,0,0,0,1,100
STN,SMART,USD,1,1,0,0,0,1,100
KO,SMART,USD,1,1,0,0,0,1,100
NSC,SMART,USD,1,1,0,0,0,1,100
RY,SMART,USD,1,1,0,0,0,1,100
BNS,SMART,USD,1,1,0,0,0,1,100
OTIS,SMART,USD,1,1,0,0,0,1,100
DNB,SMART,USD,1,1,0,0,0,1,100
BSY,SMART,USD,1,1,0,0,0,1,100
YSG,SMART,USD,1,1,0,0,0,1,100
DASH,SMART,USD,1,1,0,0,0,1,100
LESL,SMART,USD,1,1,0,0,0,1,100
AFRM,SMART,USD,1,1,0,0,0,1,100
XM,SMART,USD,1,1,0,0,0,1,100
ACVA,SMART,USD,1,1,0,0,0,1,100
COIN,SMART,USD,1,1,0,0,0,1,100
APP,SMART,USD,1,1,0,0,0,1,100
ZY,SMART,USD,1,1,0,0,0,1,100
RXRX,SMART,USD,1,1,0,0,0,1,100
LBRDK,SMART,USD,1,0,1,0,0,1,100
AWK,SMART,USD,1,0,1,0,0,1,100
GIS,SMART,USD,1,0,1,0,0,1,100
OGS,SMART,USD,1,0,1,0,0,1,100
KT,SMART,USD,1,0,1,0,0,1,100
BR,SMART,USD,1,0,1,0,0,1,100
IWM,SMART,USD,1,0,1,0,0,1,100
BDX,SMART,USD,1,0,1,0,0,1,100
RPRX,SMART,USD,1,0,1,0,0,1,100
MSP,SMART,USD,1,0,1,0,0,1,100
CVAC,SMART,USD,1,0,1,0,0,1,100
CERT,SMART,USD,1,0,1,0,0,1,100
RCI,SMART,USD,1,0,1,0,0,1,100
ASAI,SMART,USD,1,0,1,0,0,1,100
ORCC,SMART,USD,1,0,1,0,0,1,100
CPNG,SMART,USD,1,0,1,0,0,1,100
ALKT,SMART,USD,1,0,1,0,0,1,100
STNE,SMART,USD,13,3,4,4,2,7,53.85
EXPE,SMART,USD,13,2,5,1,5,7,53.85
MEDP,SMART,USD,13,2,5,3,3,7,53.85
BRKS,SMART,USD,13,2,5,3,3,7,53.85
PSTG,SMART,USD,13,2,5,3,3,7,53.85
RYAAY,SMART,USD,13,1,6,2,4,7,53.85
CRS,SMART,USD,13,1,6,3,3,7,53.85
QDEL,SMART,USD,13,1,6,4,2,7,53.85
NVTA,SMART,USD,15,6,2,6,1,8,53.33
M,SMART,USD,15,4,4,4,3,8,53.33
CCXI,SMART,USD,15,3,5,4,3,8,53.33
MITK,SMART,USD,15,3,5,6,1,8,53.33
ITCI,SMART,USD,15,3,5,6,1,8,53.33
SFIX,SMART,USD,17,7,2,7,1,9,52.94
W,SMART,USD,17,6,3,6,2,9,52.94
RCM,SMART,USD,17,4,5,4,4,9,52.94
BRFS,SMART,USD,17,1,8,0,8,9,52.94
CC,SMART,USD,19,2,8,7,2,10,52.63
STMP,SMART,USD,25,3,10,7,5,13,52
PACB,SMART,USD,24,5,7,9,3,12,50
SGRY,SMART,USD,16,6,2,7,1,8,50
AQUA,SMART,USD,16,4,4,4,4,8,50
ROKU,SMART,USD,16,4,4,5,3,8,50
SNBR,SMART,USD,16,3,5,4,4,8,50
KTOS,SMART,USD,16,2,6,5,3,8,50
DVN,SMART,USD,16,2,6,5,3,8,50
NUS,SMART,USD,16,1,7,2,6,8,50
LB,SMART,USD,16,1,7,3,5,8,50
BE,SMART,USD,14,5,2,7,0,7,50
CLR,SMART,USD,14,4,3,4,3,7,50
OVV,SMART,USD,14,4,3,4,3,7,50
BZUN,SMART,USD,14,4,3,7,0,7,50
CHGG,SMART,USD,14,3,4,2,5,7,50
ZNH,SMART,USD,14,0,7,1,6,7,50
APPN,SMART,USD,12,5,1,6,0,6,50
AM,SMART,USD,12,3,3,5,1,6,50
BC,SMART,USD,12,2,4,2,4,6,50
CX,SMART,USD,12,2,4,3,3,6,50
ANGI,SMART,USD,12,2,4,4,2,6,50
MDB,SMART,USD,12,2,4,4,2,6,50
KRNT,SMART,USD,12,2,4,5,1,6,50
AMD,SMART,USD,12,2,4,5,1,6,50
TRN,SMART,USD,12,1,5,1,5,6,50
NXPI,SMART,USD,12,1,5,1,5,6,50
FORM,SMART,USD,12,1,5,1,5,6,50
AVAV,SMART,USD,12,1,5,2,4,6,50
UA,SMART,USD,10,3,2,3,2,5,50
YETI,SMART,USD,10,3,2,4,1,5,50
LYB,SMART,USD,10,2,3,0,5,5,50
VEDL,SMART,USD,10,2,3,0,5,5,50
WD,SMART,USD,10,2,3,1,4,5,50
DOOR,SMART,USD,10,2,3,2,3,5,50
SYNA,SMART,USD,10,2,3,2,3,5,50
FRPT,SMART,USD,10,2,3,2,3,5,50
FEYE,SMART,USD,10,2,3,2,3,5,50
CUK,SMART,USD,10,2,3,2,3,5,50
RPD,SMART,USD,10,2,3,3,2,5,50
NFE,SMART,USD,10,2,3,5,0,5,50
MIDD,SMART,USD,10,1,4,1,4,5,50
APO,SMART,USD,10,1,4,2,3,5,50
SMPL,SMART,USD,10,1,4,2,3,5,50
EC,SMART,USD,10,1,4,2,3,5,50
CHX,SMART,USD,10,1,4,2,3,5,50
MHK,SMART,USD,10,1,4,3,2,5,50
AGI,SMART,USD,10,1,4,3,2,5,50
CF,SMART,USD,10,1,4,4,1,5,50
IR,SMART,USD,10,0,5,2,3,5,50
GT,SMART,USD,10,0,5,2,3,5,50
LUV,SMART,USD,10,0,5,3,2,5,50
MTZ,SMART,USD,10,0,5,3,2,5,50
WSM,SMART,USD,10,0,5,3,2,5,50
GPK,SMART,USD,8,3,1,0,4,4,50
JAZZ,SMART,USD,8,2,2,1,3,4,50
UAA,SMART,USD,8,2,2,1,3,4,50
RAMP,SMART,USD,8,2,2,1,3,4,50
MSTR,SMART,USD,8,2,2,2,2,4,50
ZS,SMART,USD,8,2,2,2,2,4,50
TENB,SMART,USD,8,2,2,2,2,4,50
KMPR,SMART,USD,8,2,2,3,1,4,50
FVRR,SMART,USD,8,2,2,3,1,4,50
AHCO,SMART,USD,8,2,2,4,0,4,50
OLED,SMART,USD,8,1,3,0,4,4,50
RBC,SMART,USD,8,1,3,0,4,4,50
JHG,SMART,USD,8,1,3,0,4,4,50
ING,SMART,USD,8,1,3,1,3,4,50
PRGO,SMART,USD,8,1,3,1,3,4,50
CNC,SMART,USD,8,1,3,1,3,4,50
IART,SMART,USD,8,1,3,1,3,4,50
BECN,SMART,USD,8,1,3,2,2,4,50
SC,SMART,USD,8,1,3,2,2,4,50
SNA,SMART,USD,8,1,3,2,2,4,50
PCRX,SMART,USD,8,1,3,2,2,4,50
SF,SMART,USD,8,1,3,2,2,4,50
VST,SMART,USD,8,1,3,2,2,4,50
KKR,SMART,USD,8,1,3,2,2,4,50
AN,SMART,USD,8,1,3,2,2,4,50
OC,SMART,USD,8,1,3,2,2,4,50
XRX,SMART,USD,8,0,4,0,4,4,50
K,SMART,USD,8,0,4,0,4,4,50
KNX,SMART,USD,8,0,4,0,4,4,50
INDB,SMART,USD,8,0,4,1,3,4,50
TRTN,SMART,USD,8,0,4,1,3,4,50
MT,SMART,USD,8,0,4,1,3,4,50
TS,SMART,USD,8,0,4,1,3,4,50
COLM,SMART,USD,8,0,4,1,3,4,50
SIVB,SMART,USD,8,0,4,1,3,4,50
CE,SMART,USD,8,0,4,2,2,4,50
ARES,SMART,USD,8,0,4,2,2,4,50
CRH,SMART,USD,8,0,4,2,2,4,50
TCBI,SMART,USD,8,0,4,2,2,4,50
EPD,SMART,USD,8,0,4,2,2,4,50
CPA,SMART,USD,8,0,4,2,2,4,50
ALTR,SMART,USD,8,0,4,2,2,4,50
BWA,SMART,USD,8,0,4,3,1,4,50
TRV,SMART,USD,6,3,0,1,2,3,50
RVLV,SMART,USD,6,3,0,2,1,3,50
CHWY,SMART,USD,6,3,0,2,1,3,50
TWST,SMART,USD,6,3,0,3,0,3,50
LMND,SMART,USD,6,3,0,3,0,3,50
UNM,SMART,USD,6,2,1,0,3,3,50
J,SMART,USD,6,2,1,1,2,3,50
NXST,SMART,USD,6,2,1,1,2,3,50
FBHS,SMART,USD,6,2,1,1,2,3,50
IFS,SMART,USD,6,2,1,2,1,3,50
DM,SMART,USD,6,2,1,2,1,3,50
NET,SMART,USD,6,2,1,3,0,3,50
ZNGA,SMART,USD,6,1,2,0,3,3,50
ABM,SMART,USD,6,1,2,0,3,3,50
SAFM,SMART,USD,6,1,2,0,3,3,50
ALXN,SMART,USD,6,1,2,0,3,3,50
PPG,SMART,USD,6,1,2,0,3,3,50
ORLY,SMART,USD,6,1,2,0,3,3,50
CPB,SMART,USD,6,1,2,0,3,3,50
UFPI,SMART,USD,6,1,2,1,2,3,50
CATY,SMART,USD,6,1,2,1,2,3,50
COF,SMART,USD,6,1,2,1,2,3,50
KW,SMART,USD,6,1,2,1,2,3,50
KWR,SMART,USD,6,1,2,1,2,3,50
PSX,SMART,USD,6,1,2,1,2,3,50
DGX,SMART,USD,6,1,2,1,2,3,50
L,SMART,USD,6,1,2,1,2,3,50
PNW,SMART,USD,6,1,2,1,2,3,50
HIG,SMART,USD,6,1,2,1,2,3,50
CRI,SMART,USD,6,1,2,2,1,3,50
TW,SMART,USD,6,1,2,2,1,3,50
PLAN,SMART,USD,6,1,2,2,1,3,50
SU,SMART,USD,6,1,2,3,0,3,50
IFF,SMART,USD,6,0,3,0,3,3,50
SEE,SMART,USD,6,0,3,0,3,3,50
FCN,SMART,USD,6,0,3,0,3,3,50
TIMB,SMART,USD,6,0,3,0,3,3,50
CSGP,SMART,USD,6,0,3,0,3,3,50
CHE,SMART,USD,6,0,3,0,3,3,50
WAT,SMART,USD,6,0,3,0,3,3,50
VSAT,SMART,USD,6,0,3,1,2,3,50
FHI,SMART,USD,6,0,3,1,2,3,50
MXIM,SMART,USD,6,0,3,1,2,3,50
KEY,SMART,USD,6,0,3,1,2,3,50
MGA,SMART,USD,6,0,3,1,2,3,50
CMC,SMART,USD,6,0,3,1,2,3,50
NOMD,SMART,USD,6,0,3,1,2,3,50
NFG,SMART,USD,6,0,3,1,2,3,50
ALLE,SMART,USD,6,0,3,1,2,3,50
ZTO,SMART,USD,6,0,3,1,2,3,50
DRI,SMART,USD,6,0,3,1,2,3,50
HAE,SMART,USD,6,0,3,1,2,3,50
AVT,SMART,USD,6,0,3,1,2,3,50
ACA,SMART,USD,6,0,3,1,2,3,50
COG,SMART,USD,6,0,3,1,2,3,50
SNPS,SMART,USD,6,0,3,1,2,3,50
HRC,SMART,USD,6,0,3,2,1,3,50
BLDR,SMART,USD,6,0,3,2,1,3,50
RGA,SMART,USD,6,0,3,2,1,3,50
USFD,SMART,USD,6,0,3,3,0,3,50
CINF,SMART,USD,6,0,3,3,0,3,50
ONEM,SMART,USD,4,2,0,1,1,2,50
ROOT,SMART,USD,4,2,0,2,0,2,50
THG,SMART,USD,4,1,1,0,2,2,50
TIGO,SMART,USD,4,1,1,0,2,2,50
INFY,SMART,USD,4,1,1,0,2,2,50
GIB,SMART,USD,4,1,1,0,2,2,50
HUBB,SMART,USD,4,1,1,0,2,2,50
PBA,SMART,USD,4,1,1,0,2,2,50
NJR,SMART,USD,4,1,1,0,2,2,50
LBTYK,SMART,USD,4,1,1,1,1,2,50
CFG,SMART,USD,4,1,1,1,1,2,50
FHB,SMART,USD,4,1,1,1,1,2,50
SJI,SMART,USD,4,1,1,1,1,2,50
HDB,SMART,USD,4,1,1,1,1,2,50
MMM,SMART,USD,4,1,1,1,1,2,50
NEE,SMART,USD,4,1,1,1,1,2,50
NVR,SMART,USD,4,1,1,2,0,2,50
NCNO,SMART,USD,4,1,1,2,0,2,50
PCT,SMART,USD,4,1,1,2,0,2,50
ADI,SMART,USD,4,0,2,0,2,2,50
GNTX,SMART,USD,4,0,2,0,2,2,50
PBCT,SMART,USD,4,0,2,0,2,2,50
SSB,SMART,USD,4,0,2,0,2,2,50
G,SMART,USD,4,0,2,0,2,2,50
RACE,SMART,USD,4,0,2,0,2,2,50
BMY,SMART,USD,4,0,2,0,2,2,50
ESE,SMART,USD,4,0,2,0,2,2,50
FMS,SMART,USD,4,0,2,0,2,2,50
FDS,SMART,USD,4,0,2,0,2,2,50
ASML,SMART,USD,4,0,2,0,2,2,50
GOOG,SMART,USD,4,0,2,0,2,2,50
SNDR,SMART,USD,4,0,2,0,2,2,50
KLAC,SMART,USD,4,0,2,0,2,2,50
HMC,SMART,USD,4,0,2,0,2,2,50
JPM,SMART,USD,4,0,2,1,1,2,50
PAG,SMART,USD,4,0,2,1,1,2,50
CP,SMART,USD,4,0,2,1,1,2,50
WLTW,SMART,USD,4,0,2,1,1,2,50
UHAL,SMART,USD,4,0,2,1,1,2,50
FIBK,SMART,USD,4,0,2,1,1,2,50
WEN,SMART,USD,4,0,2,1,1,2,50
SLAB,SMART,USD,4,0,2,1,1,2,50
LSTR,SMART,USD,4,0,2,1,1,2,50
TBT,SMART,USD,4,0,2,1,1,2,50
SJR,SMART,USD,4,0,2,1,1,2,50
TTEK,SMART,USD,4,0,2,1,1,2,50
CAG,SMART,USD,4,0,2,1,1,2,50
ATR,SMART,USD,4,0,2,1,1,2,50
EIX,SMART,USD,4,0,2,1,1,2,50
BRO,SMART,USD,4,0,2,2,0,2,50
CRL,SMART,USD,4,0,2,2,0,2,50
CQP,SMART,USD,4,0,2,2,0,2,50
SNOW,SMART,USD,4,0,2,2,0,2,50
GL,SMART,USD,2,1,0,0,1,1,50
EXC,SMART,USD,2,1,0,0,1,1,50
MGEE,SMART,USD,2,1,0,0,1,1,50
ES,SMART,USD,2,1,0,0,1,1,50
PG,SMART,USD,2,1,0,0,1,1,50
BIPC,SMART,USD,2,1,0,0,1,1,50
FSKR,SMART,USD,2,1,0,0,1,1,50
ACI,SMART,USD,2,1,0,0,1,1,50
OM,SMART,USD,2,1,0,0,1,1,50
ARVL,SMART,USD,2,1,0,0,1,1,50
OZON,SMART,USD,2,1,0,0,1,1,50
GO,SMART,USD,2,1,0,0,1,1,50
MDU,SMART,USD,2,1,0,1,0,1,50
CSL,SMART,USD,2,1,0,1,0,1,50
ACCD,SMART,USD,2,1,0,1,0,1,50
RXT,SMART,USD,2,1,0,1,0,1,50
CRSR,SMART,USD,2,1,0,1,0,1,50
MNSO,SMART,USD,2,1,0,1,0,1,50
AAN,SMART,USD,2,1,0,1,0,1,50
UPST,SMART,USD,2,1,0,1,0,1,50
API,SMART,USD,2,1,0,1,0,1,50
ABCL,SMART,USD,2,1,0,1,0,1,50
RLX,SMART,USD,2,1,0,1,0,1,50
RMD,SMART,USD,2,0,1,0,1,1,50
CME,SMART,USD,2,0,1,0,1,1,50
VZ,SMART,USD,2,0,1,0,1,1,50
SJM,SMART,USD,2,0,1,0,1,1,50
AZN,SMART,USD,2,0,1,0,1,1,50
WCN,SMART,USD,2,0,1,0,1,1,50
ABB,SMART,USD,2,0,1,0,1,1,50
JNJ,SMART,USD,2,0,1,0,1,1,50
SON,SMART,USD,2,0,1,0,1,1,50
CERN,SMART,USD,2,0,1,0,1,1,50
DHR,SMART,USD,2,0,1,0,1,1,50
SBUX,SMART,USD,2,0,1,0,1,1,50
IHG,SMART,USD,2,0,1,0,1,1,50
ECL,SMART,USD,2,0,1,0,1,1,50
HRL,SMART,USD,2,0,1,0,1,1,50
SWK,SMART,USD,2,0,1,0,1,1,50
FIS,SMART,USD,2,0,1,0,1,1,50
EBC,SMART,USD,2,0,1,0,1,1,50
ABCM,SMART,USD,2,0,1,0,1,1,50
KNBE,SMART,USD,2,0,1,0,1,1,50
PTR,SMART,USD,2,0,1,1,0,1,50
MPWR,SMART,USD,2,0,1,1,0,1,50
AMCR,SMART,USD,2,0,1,1,0,1,50
ABT,SMART,USD,2,0,1,1,0,1,50
PRG,SMART,USD,2,0,1,1,0,1,50
STEP,SMART,USD,2,0,1,1,0,1,50
WOOF,SMART,USD,2,0,1,1,0,1,50
ENPH,SMART,USD,25,11,1,11,2,12,48
PAYS,SMART,USD,19,5,4,10,0,9,47.37
PAC,SMART,USD,19,3,6,2,8,9,47.37
BGNE,SMART,USD,17,3,5,3,6,8,47.06
VCYT,SMART,USD,17,3,5,7,2,8,47.06
SIG,SMART,USD,15,3,4,7,1,7,46.67
MLCO,SMART,USD,15,2,5,2,6,7,46.67
CAR,SMART,USD,15,2,5,5,3,7,46.67
HQY,SMART,USD,15,1,6,3,5,7,46.67
TREE,SMART,USD,15,0,7,4,4,7,46.67
DOOO,SMART,USD,13,4,2,3,4,6,46.15
PCG,SMART,USD,13,4,2,6,1,6,46.15
FIVN,SMART,USD,13,2,4,2,5,6,46.15
MED,SMART,USD,13,2,4,3,4,6,46.15
SEAS,SMART,USD,13,2,4,3,4,6,46.15
LAD,SMART,USD,13,2,4,5,2,6,46.15
PSXP,SMART,USD,13,1,5,2,5,6,46.15
TEX,SMART,USD,13,1,5,4,3,6,46.15
MPC,SMART,USD,13,1,5,4,3,6,46.15
POWI,SMART,USD,13,0,6,1,6,6,46.15
PAA,SMART,USD,13,0,6,4,3,6,46.15
LECO,SMART,USD,11,2,3,0,6,5,45.45
TNL,SMART,USD,11,2,3,2,4,5,45.45
HGV,SMART,USD,11,2,3,2,4,5,45.45
OLN,SMART,USD,11,2,3,4,2,5,45.45
CORT,SMART,USD,11,2,3,4,2,5,45.45
ELY,SMART,USD,11,1,4,1,5,5,45.45
EDU,SMART,USD,11,1,4,1,5,5,45.45
TPX,SMART,USD,11,1,4,1,5,5,45.45
PRLB,SMART,USD,11,1,4,2,4,5,45.45
DXCM,SMART,USD,11,1,4,2,4,5,45.45
RL,SMART,USD,11,1,4,2,4,5,45.45
VEON,SMART,USD,11,1,4,3,3,5,45.45
SMAR,SMART,USD,11,1,4,4,2,5,45.45
AEO,SMART,USD,11,1,4,5,1,5,45.45
BCS,SMART,USD,11,0,5,0,6,5,45.45
SUN,SMART,USD,11,0,5,1,5,5,45.45
MOH,SMART,USD,11,0,5,1,5,5,45.45
MPLX,SMART,USD,11,0,5,1,5,5,45.45
PPBI,SMART,USD,11,0,5,2,4,5,45.45
DIOD,SMART,USD,11,0,5,2,4,5,45.45
GOLF,SMART,USD,11,0,5,2,4,5,45.45
FN,SMART,USD,11,0,5,2,4,5,45.45
BLMN,SMART,USD,11,0,5,4,2,5,45.45
EXPI,SMART,USD,20,5,4,9,2,9,45
WGO,SMART,USD,20,4,5,6,5,9,45
VNET,SMART,USD,20,1,8,5,6,9,45
DQ,SMART,USD,18,4,4,9,1,8,44.44
MAXR,SMART,USD,18,4,4,10,0,8,44.44
SBSW,SMART,USD,18,3,5,7,3,8,44.44
TSEM,SMART,USD,9,3,1,1,4,4,44.44
LYFT,SMART,USD,9,3,1,5,0,4,44.44
AGCO,SMART,USD,9,2,2,1,4,4,44.44
LPX,SMART,USD,9,2,2,2,3,4,44.44
MOS,SMART,USD,9,2,2,3,2,4,44.44
ASR,SMART,USD,9,2,2,3,2,4,44.44
TPTX,SMART,USD,9,2,2,3,2,4,44.44
QRTEA,SMART,USD,9,2,2,4,1,4,44.44
IHRT,SMART,USD,9,2,2,5,0,4,44.44
ZBRA,SMART,USD,9,1,3,0,5,4,44.44
STLA,SMART,USD,9,1,3,0,5,4,44.44
FWONA,SMART,USD,9,1,3,1,4,4,44.44
ABBV,SMART,USD,9,1,3,1,4,4,44.44
HAS,SMART,USD,9,1,3,1,4,4,44.44
NBIX,SMART,USD,9,1,3,2,3,4,44.44
VG,SMART,USD,9,1,3,2,3,4,44.44
KGC,SMART,USD,9,1,3,2,3,4,44.44
NSP,SMART,USD,9,1,3,2,3,4,44.44
TWOU,SMART,USD,9,1,3,3,2,4,44.44
SAVE,SMART,USD,9,1,3,4,1,4,44.44
DCPH,SMART,USD,9,1,3,4,1,4,44.44
EGHT,SMART,USD,9,0,4,1,4,4,44.44
HPQ,SMART,USD,9,0,4,1,4,4,44.44
NUAN,SMART,USD,9,0,4,1,4,4,44.44
CWEN,SMART,USD,9,0,4,1,4,4,44.44
WBS,SMART,USD,9,0,4,2,3,4,44.44
APTV,SMART,USD,9,0,4,2,3,4,44.44
SLM,SMART,USD,9,0,4,3,2,4,44.44
DHI,SMART,USD,9,0,4,3,2,4,44.44
SHOP,SMART,USD,16,3,4,2,7,7,43.75
HCM,SMART,USD,16,3,4,7,2,7,43.75
GTLS,SMART,USD,16,2,5,1,8,7,43.75
BHC,SMART,USD,16,2,5,6,3,7,43.75
MRTX,SMART,USD,21,6,3,7,5,9,42.86
AAL,SMART,USD,14,3,3,2,6,6,42.86
MTSI,SMART,USD,14,1,5,4,4,6,42.86
INSM,SMART,USD,14,1,5,5,3,6,42.86
CALX,SMART,USD,14,1,5,5,3,6,42.86
SAGE,SMART,USD,14,1,5,6,2,6,42.86
EW,SMART,USD,7,2,1,1,3,3,42.86
XRAY,SMART,USD,7,2,1,1,3,3,42.86
OKE,SMART,USD,7,2,1,3,1,3,42.86
FTDR,SMART,USD,7,2,1,3,1,3,42.86
SDGR,SMART,USD,7,2,1,4,0,3,42.86
FAST,SMART,USD,7,1,2,0,4,3,42.86
CBRE,SMART,USD,7,1,2,0,4,3,42.86
GPC,SMART,USD,7,1,2,0,4,3,42.86
TRU,SMART,USD,7,1,2,0,4,3,42.86
MOR,SMART,USD,7,1,2,0,4,3,42.86
FDX,SMART,USD,7,1,2,1,3,3,42.86
TAP,SMART,USD,7,1,2,1,3,3,42.86
CS,SMART,USD,7,1,2,1,3,3,42.86
MATX,SMART,USD,7,1,2,1,3,3,42.86
BG,SMART,USD,7,1,2,1,3,3,42.86
PKX,SMART,USD,7,1,2,1,3,3,42.86
CWT,SMART,USD,7,1,2,1,3,3,42.86
EBAY,SMART,USD,7,1,2,1,3,3,42.86
SRE,SMART,USD,7,1,2,1,3,3,42.86
AIMC,SMART,USD,7,1,2,1,3,3,42.86
LHX,SMART,USD,7,1,2,2,2,3,42.86
AIG,SMART,USD,7,1,2,2,2,3,42.86
RTX,SMART,USD,7,1,2,2,2,3,42.86
AMBA,SMART,USD,7,1,2,2,2,3,42.86
LMT,SMART,USD,7,1,2,2,2,3,42.86
VMI,SMART,USD,7,1,2,2,2,3,42.86
SNN,SMART,USD,7,0,3,0,4,3,42.86
TJX,SMART,USD,7,0,3,0,4,3,42.86
HELE,SMART,USD,7,0,3,1,3,3,42.86
GRFS,SMART,USD,7,0,3,1,3,3,42.86
PUK,SMART,USD,7,0,3,1,3,3,42.86
TT,SMART,USD,7,0,3,1,3,3,42.86
AY,SMART,USD,7,0,3,1,3,3,42.86
MAIN,SMART,USD,7,0,3,1,3,3,42.86
CNNE,SMART,USD,7,0,3,2,2,3,42.86
BILI,SMART,USD,7,0,3,3,1,3,42.86
MARA,SMART,USD,19,8,0,11,0,8,42.11
VIPS,SMART,USD,19,4,4,5,6,8,42.11
SPWR,SMART,USD,24,5,5,11,3,10,41.67
ALNY,SMART,USD,12,4,1,2,5,5,41.67
INSP,SMART,USD,12,4,1,4,3,5,41.67
SWAV,SMART,USD,12,4,1,7,0,5,41.67
BYND,SMART,USD,12,3,2,4,3,5,41.67
COOP,SMART,USD,12,3,2,5,2,5,41.67
LUMN,SMART,USD,12,2,3,1,6,5,41.67
PENN,SMART,USD,12,2,3,3,4,5,41.67
TXT,SMART,USD,12,2,3,3,4,5,41.67
CCL,SMART,USD,12,2,3,4,3,5,41.67
BHVN,SMART,USD,12,2,3,4,3,5,41.67
BLDP,SMART,USD,12,2,3,6,1,5,41.67
PZZA,SMART,USD,12,1,4,2,5,5,41.67
ADS,SMART,USD,12,1,4,3,4,5,41.67
BIDU,SMART,USD,12,1,4,3,4,5,41.67
SEM,SMART,USD,12,1,4,4,3,5,41.67
PBR,SMART,USD,12,1,4,5,2,5,41.67
PDD,SMART,USD,12,1,4,5,2,5,41.67
AGIO,SMART,USD,17,5,2,3,7,7,41.18
Z,SMART,USD,17,2,5,5,5,7,41.18
PDCE,SMART,USD,17,2,5,7,3,7,41.18
SEDG,SMART,USD,17,1,6,6,4,7,41.18
NVCR,SMART,USD,22,2,7,8,5,9,40.91
CELH,SMART,USD,20,7,1,9,3,8,40
FATE,SMART,USD,20,6,2,10,2,8,40
CDLX,SMART,USD,20,4,4,10,2,8,40
THC,SMART,USD,20,3,5,6,6,8,40
TWLO,SMART,USD,15,3,3,5,4,6,40
IRBT,SMART,USD,15,2,4,5,4,6,40
GRUB,SMART,USD,15,1,5,2,7,6,40
MRCY,SMART,USD,15,1,5,4,5,6,40
UGP,SMART,USD,15,1,5,5,4,6,40
CPRI,SMART,USD,15,1,5,6,3,6,40
ANAT,SMART,USD,10,2,2,2,4,4,40
FIZZ,SMART,USD,10,2,2,3,3,4,40
SXT,SMART,USD,10,1,3,0,6,4,40
WBA,SMART,USD,10,1,3,0,6,4,40
TEAM,SMART,USD,10,1,3,2,4,4,40
BEN,SMART,USD,10,1,3,2,4,4,40
WWE,SMART,USD,10,1,3,2,4,4,40
DAL,SMART,USD,10,1,3,3,3,4,40
AER,SMART,USD,10,1,3,3,3,4,40
SSL,SMART,USD,10,1,3,3,3,4,40
TPR,SMART,USD,10,1,3,3,3,4,40
PACW,SMART,USD,10,1,3,3,3,4,40
COUP,SMART,USD,10,1,3,4,2,4,40
GTES,SMART,USD,10,1,3,4,2,4,40
HSIC,SMART,USD,10,0,4,1,5,4,40
DECK,SMART,USD,10,0,4,3,3,4,40
WRB,SMART,USD,5,2,0,1,2,2,40
AMWL,SMART,USD,5,2,0,3,0,2,40
ACM,SMART,USD,5,1,1,0,3,2,40
STE,SMART,USD,5,1,1,0,3,2,40
TTWO,SMART,USD,5,1,1,0,3,2,40
OTEX,SMART,USD,5,1,1,0,3,2,40
KMB,SMART,USD,5,1,1,0,3,2,40
EEFT,SMART,USD,5,1,1,1,2,2,40
FMC,SMART,USD,5,1,1,1,2,2,40
ENTG,SMART,USD,5,1,1,1,2,2,40
AMAT,SMART,USD,5,1,1,1,2,2,40
EQNR,SMART,USD,5,1,1,1,2,2,40
SPXC,SMART,USD,5,1,1,2,1,2,40
AIN,SMART,USD,5,1,1,2,1,2,40
MTN,SMART,USD,5,1,1,2,1,2,40
EAF,SMART,USD,5,1,1,2,1,2,40
CHDN,SMART,USD,5,1,1,2,1,2,40
CLVT,SMART,USD,5,1,1,2,1,2,40
ZM,SMART,USD,5,1,1,3,0,2,40
EVR,SMART,USD,5,0,2,0,3,2,40
MTX,SMART,USD,5,0,2,0,3,2,40
GMED,SMART,USD,5,0,2,0,3,2,40
PFE,SMART,USD,5,0,2,0,3,2,40
LFC,SMART,USD,5,0,2,0,3,2,40
BBL,SMART,USD,5,0,2,0,3,2,40
CBU,SMART,USD,5,0,2,0,3,2,40
RDY,SMART,USD,5,0,2,0,3,2,40
UPS,SMART,USD,5,0,2,0,3,2,40
KB,SMART,USD,5,0,2,0,3,2,40
RIO,SMART,USD,5,0,2,0,3,2,40
SIGI,SMART,USD,5,0,2,1,2,2,40
YUM,SMART,USD,5,0,2,1,2,2,40
BRC,SMART,USD,5,0,2,1,2,2,40
MCHP,SMART,USD,5,0,2,1,2,2,40
NG,SMART,USD,5,0,2,1,2,2,40
LKQ,SMART,USD,5,0,2,1,2,2,40
CMG,SMART,USD,5,0,2,1,2,2,40
MDC,SMART,USD,5,0,2,1,2,2,40
DPZ,SMART,USD,5,0,2,1,2,2,40
AFL,SMART,USD,5,0,2,1,2,2,40
TMO,SMART,USD,5,0,2,1,2,2,40
CBOE,SMART,USD,5,0,2,1,2,2,40
ITRI,SMART,USD,5,0,2,1,2,2,40
ORI,SMART,USD,5,0,2,1,2,2,40
VMC,SMART,USD,5,0,2,1,2,2,40
LSPD,SMART,USD,5,0,2,1,2,2,40
CARR,SMART,USD,5,0,2,1,2,2,40
SEIC,SMART,USD,5,0,2,2,1,2,40
VRTX,SMART,USD,5,0,2,2,1,2,40
PINC,SMART,USD,5,0,2,2,1,2,40
AEM,SMART,USD,5,0,2,2,1,2,40
PFGC,SMART,USD,5,0,2,2,1,2,40
LAUR,SMART,USD,5,0,2,2,1,2,40
SFNC,SMART,USD,5,0,2,2,1,2,40
NTRA,SMART,USD,23,4,5,10,4,9,39.13
CRSP,SMART,USD,18,5,2,11,0,7,38.89
ALGT,SMART,USD,13,3,2,3,5,5,38.46
FND,SMART,USD,13,2,3,5,3,5,38.46
ITUB,SMART,USD,13,1,4,1,7,5,38.46
ROCK,SMART,USD,13,0,5,1,7,5,38.46
FL,SMART,USD,13,0,5,3,5,5,38.46
SQ,SMART,USD,16,4,2,5,5,6,37.5
PTCT,SMART,USD,16,3,3,9,1,6,37.5
JWN,SMART,USD,16,2,4,5,5,6,37.5
IOVA,SMART,USD,16,2,4,7,3,6,37.5
WYNN,SMART,USD,16,1,5,4,6,6,37.5
ACAD,SMART,USD,16,1,5,7,3,6,37.5
FSLY,SMART,USD,8,3,0,5,0,3,37.5
PRMW,SMART,USD,8,2,1,2,3,3,37.5
IVZ,SMART,USD,8,2,1,3,2,3,37.5
VALE,SMART,USD,8,1,2,0,5,3,37.5
HBI,SMART,USD,8,1,2,0,5,3,37.5
JCI,SMART,USD,8,1,2,0,5,3,37.5
Y,SMART,USD,8,1,2,0,5,3,37.5
BTI,SMART,USD,8,1,2,0,5,3,37.5
LCII,SMART,USD,8,1,2,1,4,3,37.5
HI,SMART,USD,8,1,2,1,4,3,37.5
TTEC,SMART,USD,8,1,2,1,4,3,37.5
OZK,SMART,USD,8,1,2,1,4,3,37.5
BOKF,SMART,USD,8,1,2,1,4,3,37.5
NWL,SMART,USD,8,1,2,1,4,3,37.5
SAIA,SMART,USD,8,1,2,2,3,3,37.5
PNFP,SMART,USD,8,1,2,2,3,3,37.5
BLL,SMART,USD,8,1,2,2,3,3,37.5
HCA,SMART,USD,8,1,2,2,3,3,37.5
ARMK,SMART,USD,8,1,2,3,2,3,37.5
URI,SMART,USD,8,1,2,3,2,3,37.5
NTES,SMART,USD,8,0,3,0,5,3,37.5
TGT,SMART,USD,8,0,3,0,5,3,37.5
GWW,SMART,USD,8,0,3,0,5,3,37.5
NKE,SMART,USD,8,0,3,0,5,3,37.5
CHTR,SMART,USD,8,0,3,1,4,3,37.5
MTG,SMART,USD,8,0,3,1,4,3,37.5
AMZN,SMART,USD,8,0,3,1,4,3,37.5
MKTX,SMART,USD,8,0,3,2,3,3,37.5
CTLT,SMART,USD,8,0,3,2,3,3,37.5
PINS,SMART,USD,8,0,3,2,3,3,37.5
BRKR,SMART,USD,8,0,3,3,2,3,37.5
DT,SMART,USD,8,0,3,3,2,3,37.5
TNDM,SMART,USD,19,6,1,12,0,7,36.84
TGTX,SMART,USD,22,4,4,12,2,8,36.36
DOCU,SMART,USD,11,4,0,6,1,4,36.36
HMY,SMART,USD,11,3,1,5,2,4,36.36
HZNP,SMART,USD,11,3,1,6,1,4,36.36
ASND,SMART,USD,11,2,2,3,4,4,36.36
AEIS,SMART,USD,11,2,2,3,4,4,36.36
OMF,SMART,USD,11,2,2,4,3,4,36.36
WEX,SMART,USD,11,1,3,2,5,4,36.36
AU,SMART,USD,11,1,3,2,5,4,36.36
AMRC,SMART,USD,11,1,3,2,5,4,36.36
FUN,SMART,USD,11,1,3,2,5,4,36.36
OXY,SMART,USD,11,1,3,3,4,4,36.36
AAPL,SMART,USD,11,1,3,3,4,4,36.36
XPO,SMART,USD,11,1,3,4,3,4,36.36
HLF,SMART,USD,11,0,4,3,4,4,36.36
VIAC,SMART,USD,11,0,4,6,1,4,36.36
OSTK,SMART,USD,25,4,5,16,0,9,36
FOXF,SMART,USD,14,2,3,1,8,5,35.71
ELP,SMART,USD,14,2,3,2,7,5,35.71
ETSY,SMART,USD,14,2,3,3,6,5,35.71
YY,SMART,USD,14,2,3,4,5,5,35.71
BAND,SMART,USD,14,2,3,5,4,5,35.71
SID,SMART,USD,14,2,3,6,3,5,35.71
DY,SMART,USD,14,0,5,4,5,5,35.71
NVAX,SMART,USD,31,7,4,19,1,11,35.48
DEN,SMART,USD,17,4,2,10,1,6,35.29
BBBY,SMART,USD,17,3,3,7,4,6,35.29
TEVA,SMART,USD,17,1,5,6,5,6,35.29
SRPT,SMART,USD,17,1,5,6,5,6,35.29
FCEL,SMART,USD,20,6,1,13,0,7,35
DDD,SMART,USD,20,2,5,9,4,7,35
X,SMART,USD,21,3,4,6,8,7,33.33
JNCE,SMART,USD,18,3,3,12,0,6,33.33
FBRX,SMART,USD,15,5,0,10,0,5,33.33
CIGI,SMART,USD,15,1,4,5,5,5,33.33
XEC,SMART,USD,15,1,4,7,3,5,33.33
DISCK,SMART,USD,15,0,5,4,6,5,33.33
SHAK,SMART,USD,15,0,5,7,3,5,33.33
SPB,SMART,USD,12,2,2,2,6,4,33.33
GPS,SMART,USD,12,2,2,5,3,4,33.33
GDS,SMART,USD,12,2,2,5,3,4,33.33
SNAP,SMART,USD,12,2,2,8,0,4,33.33
ETRN,SMART,USD,12,1,3,3,5,4,33.33
SABR,SMART,USD,12,1,3,5,3,4,33.33
GLOB,SMART,USD,12,0,4,0,8,4,33.33
NEWR,SMART,USD,12,0,4,3,5,4,33.33
FWONK,SMART,USD,12,0,4,3,5,4,33.33
MASI,SMART,USD,12,0,4,3,5,4,33.33
PXD,SMART,USD,12,0,4,5,3,4,33.33
CROX,SMART,USD,12,0,4,6,2,4,33.33
GE,SMART,USD,9,3,0,2,4,3,33.33
PWR,SMART,USD,9,2,1,0,6,3,33.33
CHNG,SMART,USD,9,2,1,2,4,3,33.33
PODD,SMART,USD,9,2,1,3,3,3,33.33
MSM,SMART,USD,9,1,2,1,5,3,33.33
RNG,SMART,USD,9,1,2,2,4,3,33.33
CCJ,SMART,USD,9,1,2,2,4,3,33.33
ALRM,SMART,USD,9,1,2,3,3,3,33.33
LULU,SMART,USD,9,1,2,3,3,3,33.33
CADE,SMART,USD,9,1,2,3,3,3,33.33
WSC,SMART,USD,9,1,2,3,3,3,33.33
TOL,SMART,USD,9,0,3,1,5,3,33.33
WPP,SMART,USD,9,0,3,1,5,3,33.33
CIEN,SMART,USD,9,0,3,1,5,3,33.33
CCMP,SMART,USD,9,0,3,1,5,3,33.33
LNG,SMART,USD,9,0,3,2,4,3,33.33
LVS,SMART,USD,9,0,3,2,4,3,33.33
TGNA,SMART,USD,9,0,3,2,4,3,33.33
URBN,SMART,USD,9,0,3,2,4,3,33.33
CENTA,SMART,USD,9,0,3,2,4,3,33.33
ALKS,SMART,USD,9,0,3,3,3,3,33.33
DKS,SMART,USD,9,0,3,3,3,3,33.33
GM,SMART,USD,9,0,3,3,3,3,33.33
WBT,SMART,USD,9,0,3,4,2,3,33.33
AMG,SMART,USD,9,0,3,4,2,3,33.33
DELL,SMART,USD,9,0,3,5,1,3,33.33
IMAB,SMART,USD,6,2,0,2,2,2,33.33
SPT,SMART,USD,6,2,0,3,1,2,33.33
AMP,SMART,USD,6,1,1,0,4,2,33.33
ZTS,SMART,USD,6,1,1,0,4,2,33.33
ROK,SMART,USD,6,1,1,1,3,2,33.33
KBH,SMART,USD,6,1,1,1,3,2,33.33
EYE,SMART,USD,6,1,1,1,3,2,33.33
HLT,SMART,USD,6,1,1,2,2,2,33.33
ASGN,SMART,USD,6,1,1,3,1,2,33.33
ESTC,SMART,USD,6,1,1,3,1,2,33.33
UMPQ,SMART,USD,6,0,2,0,4,2,33.33
FRC,SMART,USD,6,0,2,0,4,2,33.33
MMC,SMART,USD,6,0,2,1,3,2,33.33
CNI,SMART,USD,6,0,2,1,3,2,33.33
NEU,SMART,USD,6,0,2,1,3,2,33.33
PAYC,SMART,USD,6,0,2,1,3,2,33.33
CAKE,SMART,USD,6,0,2,1,3,2,33.33
CCOI,SMART,USD,6,0,2,1,3,2,33.33
LSXMK,SMART,USD,6,0,2,1,3,2,33.33
ETN,SMART,USD,6,0,2,1,3,2,33.33
SMG,SMART,USD,6,0,2,1,3,2,33.33
IAA,SMART,USD,6,0,2,1,3,2,33.33
UBSI,SMART,USD,6,0,2,2,2,2,33.33
HXL,SMART,USD,6,0,2,2,2,2,33.33
CTAS,SMART,USD,6,0,2,2,2,2,33.33
SHW,SMART,USD,6,0,2,2,2,2,33.33
MANT,SMART,USD,6,0,2,2,2,2,33.33
UNF,SMART,USD,6,0,2,3,1,2,33.33
STL,SMART,USD,6,0,2,3,1,2,33.33
AVTR,SMART,USD,6,0,2,3,1,2,33.33
OPCH,SMART,USD,6,0,2,3,1,2,33.33
VSH,SMART,USD,3,1,0,0,2,1,33.33
CNP,SMART,USD,3,1,0,0,2,1,33.33
MPLN,SMART,USD,3,1,0,0,2,1,33.33
IDA,SMART,USD,3,1,0,1,1,1,33.33
WH,SMART,USD,3,1,0,1,1,1,33.33
EXLS,SMART,USD,3,1,0,1,1,1,33.33
UAL,SMART,USD,3,1,0,1,1,1,33.33
DTE,SMART,USD,3,1,0,1,1,1,33.33
VRM,SMART,USD,3,1,0,1,1,1,33.33
RKT,SMART,USD,3,1,0,1,1,1,33.33
SWTX,SMART,USD,3,1,0,2,0,1,33.33
KC,SMART,USD,3,1,0,2,0,1,33.33
LI,SMART,USD,3,1,0,2,0,1,33.33
SKLZ,SMART,USD,3,1,0,2,0,1,33.33
AI,SMART,USD,3,1,0,2,0,1,33.33
AIZ,SMART,USD,3,0,1,0,2,1,33.33
FLO,SMART,USD,3,0,1,0,2,1,33.33
MDLZ,SMART,USD,3,0,1,0,2,1,33.33
TFSL,SMART,USD,3,0,1,0,2,1,33.33
ESLT,SMART,USD,3,0,1,0,2,1,33.33
CNMD,SMART,USD,3,0,1,0,2,1,33.33
WTS,SMART,USD,3,0,1,0,2,1,33.33
SSD,SMART,USD,3,0,1,0,2,1,33.33
HD,SMART,USD,3,0,1,0,2,1,33.33
ELAN,SMART,USD,3,0,1,0,2,1,33.33
WTM,SMART,USD,3,0,1,0,2,1,33.33
UNH,SMART,USD,3,0,1,0,2,1,33.33
SNP,SMART,USD,3,0,1,0,2,1,33.33
FISV,SMART,USD,3,0,1,0,2,1,33.33
SEB,SMART,USD,3,0,1,0,2,1,33.33
VRNT,SMART,USD,3,0,1,0,2,1,33.33
EXPO,SMART,USD,3,0,1,1,1,1,33.33
CSX,SMART,USD,3,0,1,1,1,1,33.33
CRM,SMART,USD,3,0,1,1,1,1,33.33
PSN,SMART,USD,3,0,1,1,1,1,33.33
LEN,SMART,USD,3,0,1,1,1,1,33.33
ORAN,SMART,USD,3,0,1,1,1,1,33.33
PKI,SMART,USD,3,0,1,1,1,1,33.33
AJG,SMART,USD,3,0,1,1,1,1,33.33
GGG,SMART,USD,3,0,1,2,0,1,33.33
MSFT,SMART,USD,3,0,1,2,0,1,33.33
FOUR,SMART,USD,3,0,1,2,0,1,33.33
ASAN,SMART,USD,3,0,1,2,0,1,33.33
RUN,SMART,USD,22,3,4,12,3,7,31.82
VCEL,SMART,USD,19,4,2,8,5,6,31.58
DISCA,SMART,USD,16,1,4,4,7,5,31.25
BB,SMART,USD,16,1,4,6,5,5,31.25
FRHC,SMART,USD,16,1,4,6,5,5,31.25
AYX,SMART,USD,16,1,4,6,5,5,31.25
DCP,SMART,USD,13,3,1,5,4,4,30.77
APA,SMART,USD,13,2,2,6,3,4,30.77
HAL,SMART,USD,13,0,4,3,6,4,30.77
PVH,SMART,USD,13,0,4,4,5,4,30.77
ACIW,SMART,USD,13,0,4,4,5,4,30.77
MRNA,SMART,USD,10,2,1,7,0,3,30
ANET,SMART,USD,10,1,2,1,6,3,30
HRB,SMART,USD,10,1,2,1,6,3,30
GLPG,SMART,USD,10,1,2,1,6,3,30
GWRE,SMART,USD,10,1,2,1,6,3,30
WHR,SMART,USD,10,1,2,2,5,3,30
SHOO,SMART,USD,10,1,2,2,5,3,30
MAR,SMART,USD,10,1,2,2,5,3,30
BBD,SMART,USD,10,1,2,3,4,3,30
AL,SMART,USD,10,1,2,3,4,3,30
BBDO,SMART,USD,10,1,2,3,4,3,30
OSK,SMART,USD,10,1,2,3,4,3,30
CVLT,SMART,USD,10,1,2,3,4,3,30
RH,SMART,USD,10,1,2,5,2,3,30
RHI,SMART,USD,10,0,3,1,6,3,30
IPGP,SMART,USD,10,0,3,3,4,3,30
QTWO,SMART,USD,10,0,3,3,4,3,30
KSS,SMART,USD,10,0,3,3,4,3,30
BA,SMART,USD,10,0,3,5,2,3,30
TRIP,SMART,USD,17,1,4,4,8,5,29.41
FSLR,SMART,USD,17,0,5,4,8,5,29.41
IBRX,SMART,USD,21,4,2,12,3,6,28.57
CVNA,SMART,USD,14,3,1,8,2,4,28.57
NEO,SMART,USD,14,2,2,2,8,4,28.57
MRO,SMART,USD,14,2,2,5,5,4,28.57
ENBL,SMART,USD,14,2,2,7,3,4,28.57
BL,SMART,USD,14,1,3,2,8,4,28.57
HES,SMART,USD,14,1,3,4,6,4,28.57
CVS,SMART,USD,7,1,1,1,4,2,28.57
FTI,SMART,USD,7,1,1,1,4,2,28.57
VEEV,SMART,USD,7,1,1,2,3,2,28.57
NICE,SMART,USD,7,1,1,2,3,2,28.57
CNQ,SMART,USD,7,1,1,3,2,2,28.57
AVLR,SMART,USD,7,1,1,3,2,2,28.57
LRCX,SMART,USD,7,0,2,0,5,2,28.57
IX,SMART,USD,7,0,2,0,5,2,28.57
LSXMA,SMART,USD,7,0,2,1,4,2,28.57
KR,SMART,USD,7,0,2,1,4,2,28.57
PSEC,SMART,USD,7,0,2,1,4,2,28.57
CACI,SMART,USD,7,0,2,1,4,2,28.57
GATX,SMART,USD,7,0,2,1,4,2,28.57
MSCI,SMART,USD,7,0,2,2,3,2,28.57
TAK,SMART,USD,7,0,2,2,3,2,28.57
STLD,SMART,USD,7,0,2,3,2,2,28.57
YELP,SMART,USD,18,2,3,5,8,5,27.78
AMRS,SMART,USD,22,5,1,15,1,6,27.27
RDFN,SMART,USD,11,2,1,4,4,3,27.27
LGIH,SMART,USD,11,2,1,5,3,3,27.27
REZI,SMART,USD,11,2,1,6,2,3,27.27
FCX,SMART,USD,11,1,2,6,2,3,27.27
CENT,SMART,USD,11,0,3,2,6,3,27.27
ALK,SMART,USD,11,0,3,4,4,3,27.27
VIACA,SMART,USD,11,0,3,7,1,3,27.27
RETA,SMART,USD,15,3,1,10,1,4,26.67
WIX,SMART,USD,15,2,2,5,6,4,26.67
WB,SMART,USD,15,1,3,6,5,4,26.67
NSTG,SMART,USD,15,1,3,9,2,4,26.67
APPS,SMART,USD,23,4,2,15,2,6,26.09
ARWR,SMART,USD,28,2,5,16,5,7,25
TTD,SMART,USD,16,2,2,8,4,4,25
NIO,SMART,USD,16,1,3,11,1,4,25
ABMD,SMART,USD,12,2,1,6,3,3,25
BYD,SMART,USD,12,1,2,3,6,3,25
ORGO,SMART,USD,12,1,2,8,1,3,25
KL,SMART,USD,12,0,3,3,6,3,25
RCKT,SMART,USD,8,2,0,6,0,2,25
VLO,SMART,USD,8,1,1,1,5,2,25
HOG,SMART,USD,8,1,1,1,5,2,25
ATHM,SMART,USD,8,1,1,2,4,2,25
MMP,SMART,USD,8,1,1,2,4,2,25
CGAU,SMART,USD,8,1,1,3,3,2,25
PCTY,SMART,USD,8,1,1,3,3,2,25
PFG,SMART,USD,8,1,1,3,3,2,25
CVET,SMART,USD,8,1,1,3,3,2,25
DNLI,SMART,USD,8,1,1,4,2,2,25
MGY,SMART,USD,8,1,1,4,2,2,25
JNPR,SMART,USD,8,0,2,1,5,2,25
NGVT,SMART,USD,8,0,2,1,5,2,25
MBT,SMART,USD,8,0,2,1,5,2,25
ULTA,SMART,USD,8,0,2,1,5,2,25
BBU,SMART,USD,8,0,2,2,4,2,25
AJRD,SMART,USD,8,0,2,2,4,2,25
BKR,SMART,USD,8,0,2,2,4,2,25
NAV,SMART,USD,8,0,2,3,3,2,25
LNC,SMART,USD,8,0,2,4,2,2,25
ATUS,SMART,USD,8,0,2,4,2,2,25
CRWD,SMART,USD,8,0,2,4,2,2,25
CI,SMART,USD,4,1,0,0,3,1,25
TSN,SMART,USD,4,1,0,0,3,1,25
WSO,SMART,USD,4,1,0,0,3,1,25
GOLD,SMART,USD,4,1,0,0,3,1,25
LEG,SMART,USD,4,1,0,1,2,1,25
CDAY,SMART,USD,4,1,0,1,2,1,25
ONTO,SMART,USD,4,1,0,2,1,1,25
GILD,SMART,USD,4,0,1,0,3,1,25
SHG,SMART,USD,4,0,1,0,3,1,25
NMR,SMART,USD,4,0,1,0,3,1,25
PM,SMART,USD,4,0,1,0,3,1,25
NOW,SMART,USD,4,0,1,1,2,1,25
CDNS,SMART,USD,4,0,1,1,2,1,25
AZO,SMART,USD,4,0,1,1,2,1,25
WIT,SMART,USD,4,0,1,1,2,1,25
DBX,SMART,USD,4,0,1,1,2,1,25
SLGN,SMART,USD,4,0,1,1,2,1,25
POOL,SMART,USD,4,0,1,1,2,1,25
NI,SMART,USD,4,0,1,1,2,1,25
ALE,SMART,USD,4,0,1,1,2,1,25
GFL,SMART,USD,4,0,1,1,2,1,25
QRVO,SMART,USD,4,0,1,2,1,1,25
NEOG,SMART,USD,4,0,1,2,1,1,25
MGNI,SMART,USD,4,0,1,2,1,1,25
AG,SMART,USD,17,3,1,6,7,4,23.53
COHR,SMART,USD,13,2,1,6,4,3,23.08
MELI,SMART,USD,13,1,2,5,5,3,23.08
IQ,SMART,USD,13,1,2,5,5,3,23.08
LPSN,SMART,USD,13,0,3,3,7,3,23.08
TRQ,SMART,USD,18,2,2,11,3,4,22.22
ZG,SMART,USD,18,1,3,6,8,4,22.22
FTCH,SMART,USD,9,2,0,6,1,2,22.22
SAIL,SMART,USD,9,1,1,3,4,2,22.22
SYNH,SMART,USD,9,1,1,5,2,2,22.22
EPAM,SMART,USD,9,0,2,1,6,2,22.22
AMED,SMART,USD,9,0,2,2,5,2,22.22
NYT,SMART,USD,9,0,2,2,5,2,22.22
NLOK,SMART,USD,9,0,2,3,4,2,22.22
F,SMART,USD,9,0,2,3,4,2,22.22
SIX,SMART,USD,9,0,2,3,4,2,22.22
RCL,SMART,USD,9,0,2,5,2,2,22.22
KNSL,SMART,USD,9,0,2,6,1,2,22.22
NTLA,SMART,USD,14,3,0,7,4,3,21.43
TLRY,SMART,USD,14,2,1,11,0,3,21.43
BOX,SMART,USD,14,1,2,4,7,3,21.43
CLDR,SMART,USD,14,1,2,4,7,3,21.43
HL,SMART,USD,14,1,2,5,6,3,21.43
COMM,SMART,USD,15,1,2,5,7,3,20
JMIA,SMART,USD,10,2,0,8,0,2,20
ATKR,SMART,USD,10,1,1,2,6,2,20
MAT,SMART,USD,10,1,1,2,6,2,20
GNRC,SMART,USD,10,1,1,3,5,2,20
VRNS,SMART,USD,10,1,1,5,3,2,20
CLF,SMART,USD,10,1,1,6,2,2,20
CGC,SMART,USD,10,0,2,6,2,2,20
VRSK,SMART,USD,5,1,0,0,4,1,20
XYL,SMART,USD,5,1,0,0,4,1,20
FNV,SMART,USD,5,1,0,1,3,1,20
FB,SMART,USD,5,1,0,1,3,1,20
FICO,SMART,USD,5,1,0,1,3,1,20
LII,SMART,USD,5,1,0,2,2,1,20
MDLA,SMART,USD,5,1,0,4,0,1,20
BILL,SMART,USD,5,1,0,4,0,1,20
BEAM,SMART,USD,5,1,0,4,0,1,20
TXN,SMART,USD,5,0,1,0,4,1,20
CCEP,SMART,USD,5,0,1,0,4,1,20
BHP,SMART,USD,5,0,1,0,4,1,20
TYL,SMART,USD,5,0,1,0,4,1,20
CHKP,SMART,USD,5,0,1,0,4,1,20
ENIA,SMART,USD,5,0,1,1,3,1,20
HOMB,SMART,USD,5,0,1,1,3,1,20
FULT,SMART,USD,5,0,1,1,3,1,20
LPRO,SMART,USD,5,0,1,1,3,1,20
GRA,SMART,USD,5,0,1,2,2,1,20
COKE,SMART,USD,5,0,1,2,2,1,20
BCC,SMART,USD,5,0,1,2,2,1,20
FITB,SMART,USD,5,0,1,2,2,1,20
SVMK,SMART,USD,5,0,1,2,2,1,20
ARNC,SMART,USD,5,0,1,2,2,1,20
JBLU,SMART,USD,11,1,1,5,4,2,18.18
NCLH,SMART,USD,11,1,1,6,3,2,18.18
RIOT,SMART,USD,17,3,0,14,0,3,17.65
AXON,SMART,USD,18,0,3,4,11,3,16.67
OMI,SMART,USD,12,2,0,8,2,2,16.67
WES,SMART,USD,12,1,1,5,5,2,16.67
PTON,SMART,USD,6,1,0,3,2,1,16.67
CRON,SMART,USD,6,1,0,4,1,1,16.67
SI,SMART,USD,6,1,0,4,1,1,16.67
QFIN,SMART,USD,6,1,0,5,0,1,16.67
ICL,SMART,USD,6,0,1,1,4,1,16.67
TECH,SMART,USD,6,0,1,1,4,1,16.67
GDDY,SMART,USD,6,0,1,2,3,1,16.67
FLT,SMART,USD,6,0,1,2,3,1,16.67
IBTX,SMART,USD,6,0,1,2,3,1,16.67
TMX,SMART,USD,6,0,1,2,3,1,16.67
ATH,SMART,USD,6,0,1,3,2,1,16.67
YNDX,SMART,USD,6,0,1,3,2,1,16.67
AFG,SMART,USD,6,0,1,4,1,1,16.67
UPWK,SMART,USD,13,2,0,7,4,2,15.38
MEOH,SMART,USD,13,1,1,6,5,2,15.38
KFY,SMART,USD,7,1,0,1,5,1,14.29
TME,SMART,USD,7,1,0,2,4,1,14.29
DD,SMART,USD,7,1,0,3,3,1,14.29
DAN,SMART,USD,7,1,0,4,2,1,14.29
SE,SMART,USD,7,1,0,6,0,1,14.29
FUTU,SMART,USD,7,1,0,6,0,1,14.29
KRTX,SMART,USD,7,1,0,6,0,1,14.29
MCO,SMART,USD,7,0,1,0,6,1,14.29
TLK,SMART,USD,7,0,1,0,6,1,14.29
DVA,SMART,USD,7,0,1,3,3,1,14.29
UBER,SMART,USD,7,0,1,3,3,1,14.29
WRK,SMART,USD,7,0,1,4,2,1,14.29
ET,SMART,USD,15,1,1,10,3,2,13.33
JD,SMART,USD,16,0,2,5,9,2,12.5
SAIC,SMART,USD,8,1,0,1,6,1,12.5
SBS,SMART,USD,8,1,0,3,4,1,12.5
KOD,SMART,USD,8,1,0,6,1,1,12.5
MKSI,SMART,USD,8,0,1,1,6,1,12.5
FIX,SMART,USD,8,0,1,1,6,1,12.5
VIAV,SMART,USD,8,0,1,1,6,1,12.5
FFIV,SMART,USD,8,0,1,2,5,1,12.5
BFAM,SMART,USD,8,0,1,2,5,1,12.5
TCOM,SMART,USD,8,0,1,2,5,1,12.5
JCOM,SMART,USD,8,0,1,2,5,1,12.5
NAVI,SMART,USD,8,0,1,3,4,1,12.5
MGM,SMART,USD,8,0,1,5,2,1,12.5
TSLA,SMART,USD,17,0,2,11,4,2,11.76
JELD,SMART,USD,9,1,0,3,5,1,11.11
TAL,SMART,USD,9,1,0,5,3,1,11.11
JBHT,SMART,USD,9,0,1,1,7,1,11.11
BABA,SMART,USD,9,0,1,2,6,1,11.11
JOE,SMART,USD,10,1,0,1,8,1,10
PPC,SMART,USD,10,0,1,3,6,1,10
IGT,SMART,USD,10,0,1,5,4,1,10
MTDR,SMART,USD,11,0,1,9,1,1,9.09
SPLK,SMART,USD,11,0,0,3,8,0,0
ON,SMART,USD,10,0,0,5,5,0,0
USO,SMART,USD,9,0,0,4,5,0,0
FLR,SMART,USD,9,0,0,5,4,0,0
SWI,SMART,USD,7,0,0,4,3,0,0
TSCO,SMART,USD,6,0,0,0,6,0,0
GBCI,SMART,USD,6,0,0,3,3,0,0
WST,SMART,USD,5,0,0,1,4,0,0
POR,SMART,USD,5,0,0,1,4,0,0
VIR,SMART,USD,5,0,0,4,1,0,0
PD,SMART,USD,5,0,0,5,0,0,0
QS,SMART,USD,5,0,0,5,0,0,0
INGR,SMART,USD,4,0,0,0,4,0,0
YUMC,SMART,USD,4,0,0,0,4,0,0
HSBC,SMART,USD,4,0,0,0,4,0,0
JACK,SMART,USD,4,0,0,1,3,0,0
PFPT,SMART,USD,4,0,0,2,2,0,0
GHC,SMART,USD,4,0,0,2,2,0,0
QSR,SMART,USD,4,0,0,2,2,0,0
NTR,SMART,USD,4,0,0,2,2,0,0
NOVA,SMART,USD,4,0,0,4,0,0,0
ATVI,SMART,USD,3,0,0,1,2,0,0
ROST,SMART,USD,3,0,0,1,2,0,0
SAP,SMART,USD,3,0,0,1,2,0,0
VERX,SMART,USD,3,0,0,2,1,0,0
ZIM,SMART,USD,3,0,0,3,0,0,0
CAJ,SMART,USD,2,0,0,0,2,0,0
TRP,SMART,USD,2,0,0,0,2,0,0
ALC,SMART,USD,2,0,0,0,2,0,0
DLTR,SMART,USD,2,0,0,0,2,0,0
AOS,SMART,USD,2,0,0,0,2,0,0
KDP,SMART,USD,2,0,0,0,2,0,0
AXP,SMART,USD,2,0,0,1,1,0,0
VRSN,SMART,USD,2,0,0,1,1,0,0
VRT,SMART,USD,2,0,0,1,1,0,0
SLQT,SMART,USD,2,0,0,1,1,0,0
DRVN,SMART,USD,2,0,0,1,1,0,0
BNR,SMART,USD,2,0,0,2,0,0,0
CCIV,SMART,USD,2,0,0,2,0,0,0
POSH,SMART,USD,2,0,0,2,0,0,0
ARRY,SMART,USD,2,0,0,2,0,0,0
TM,SMART,USD,1,0,0,0,1,0,0
CHT,SMART,USD,1,0,0,0,1,0,0
TSM,SMART,USD,1,0,0,0,1,0,0
FTS,SMART,USD,1,0,0,0,1,0,0
CL,SMART,USD,1,0,0,0,1,0,0
DEO,SMART,USD,1,0,0,0,1,0,0
AGR,SMART,USD,1,0,0,0,1,0,0
HSY,SMART,USD,1,0,0,0,1,0,0
REYN,SMART,USD,1,0,0,0,1,0,0
CLX,SMART,USD,1,0,0,0,1,0,0
IAC,SMART,USD,1,0,0,0,1,0,0
CNXC,SMART,USD,1,0,0,0,1,0,0
TIXT,SMART,USD,1,0,0,0,1,0,0
U,SMART,USD,1,0,0,0,1,0,0
BMBL,SMART,USD,1,0,0,0,1,0,0
DCT,SMART,USD,1,0,0,0,1,0,0
XP,SMART,USD,1,0,0,1,0,0,0
CHD,SMART,USD,1,0,0,1,0,0,0
AEE,SMART,USD,1,0,0,1,0,0,0
NTCO,SMART,USD,1,0,0,1,0,0,0
JAMF,SMART,USD,1,0,0,1,0,0,0
OSH,SMART,USD,1,0,0,1,0,0,0
GDRX,SMART,USD,1,0,0,1,0,0,0
ALGM,SMART,USD,1,0,0,1,0,0,0
MSGS,SMART,USD,1,0,0,1,0,0,0
XPEV,SMART,USD,1,0,0,1,0,0,0
FROG,SMART,USD,1,0,0,1,0,0,0
ALHC,SMART,USD,1,0,0,1,0,0,0
DSEY,SMART,USD,1,0,0,1,0,0,0
HAYW,SMART,USD,1,0,0,1,0,0,0
OLK,SMART,USD,1,0,0,1,0,0,0
COUR,SMART,USD,1,0,0,1,0,0,0
GE,SMART,USD,0,0,0,0,0,0,0
ASO,SMART,USD,0,0,0,0,0,0,0
ZI,SMART,USD,0,0,0,0,0,0,0
MDT,SMART,USD,0,0,0,0,0,0,0
AZEK,SMART,USD,0,0,0,0,0,0,0
COMP,SMART,USD,0,0,0,0,0,0,0
CMS,SMART,USD,0,0,0,0,0,0,0
PEP,SMART,USD,0,0,0,0,0,0,0
NWE,SMART,USD,0,0,0,0,0,0,0
ZH,SMART,USD,0,0,0,0,0,0,0
RBLX,SMART,USD,0,0,0,0,0,0,0
PATH,SMART,USD,0,0,0,0,0,0,0
LU,SMART,USD,0,0,0,0,0,0,0
FERG,SMART,USD,0,0,0,0,0,0,0
WMG,SMART,USD,0,0,0,0,0,0,0
UWMC,SMART,USD,0,0,0,0,0,0,0
AGL,SMART,USD,0,0,0,0,0,0,0
PLTK,SMART,USD,0,0,0,0,0,0,0
TSP,SMART,USD,0,0,0,0,0,0,0
TUYA,SMART,USD,0,0,0,0,0,0,0
CSAN,SMART,USD,0,0,0,0,0,0,0
SHC,SMART,USD,0,0,0,0,0,0,0
SGFY,SMART,USD,0,0,0,0,0,0,0
DV,SMART,USD,0,0,0,0,0,0,0
SHLS,SMART,USD,0,0,0,0,0,0,0
VNT,SMART,USD,0,0,0,0,0,0,0
OCDX,SMART,USD,0,0,0,0,0,0,0
DOCN,SMART,USD,0,0,0,0,0,0,0
ULCC,SMART,USD,0,0,0,0,0,0,0
CHK,SMART,USD,0,0,0,0,0,0,0
ATC,SMART,USD,0,0,0,0,0,0,0
OLO,SMART,USD,0,0,0,0,0,0,0
BHFAN,SMART,USD,0,0,0,0,0,0,0
PRVA,SMART,USD,0,0,0,0,0,0,0
MRVI,SMART,USD,0,0,0,0,0,0,0
INNV,SMART,USD,0,0,0,0,0,0,0
SWIM,SMART,USD,0,0,0,0,0,0,0
RLAY,SMART,USD,0,0,0,0,0,0,0